"order_year";"order_month";"product_category";"total_orders"
2016;9;"beleza_saude";3
2016;10;"moveis_decoracao";65
2016;10;"beleza_saude";40
2016;10;"perfumaria";29
2016;10;"brinquedos";24
2016;10;"esporte_lazer";17
2016;10;"utilidades_domesticas";12
2016;10;"informatica_acessorios";12
2016;10;"bebes";11
2016;10;"market_place";11
2016;10;"telefonia";8
2016;10;"cama_mesa_banho";8
2016;10;"fashion_bolsas_e_acessorios";8
2016;10;"climatizacao";8
2016;10;"automotivo";8
2016;10;"consoles_games";7
2016;10;"cool_stuff";7
2016;10;"moveis_escritorio";6
2016;10;"ferramentas_jardim";5
2016;10;"telefonia_fixa";5
2016;10;"industria_comercio_e_negocios";4
2016;10;"relogios_presentes";4
2016;10;"pet_shop";4
2016;10;"";2
2016;10;"audio";2
2016;10;"fashion_calcados";1
2016;10;"fashion_roupa_masculina";1
2016;10;"alimentos";1
2016;10;"eletronicos";1
2016;10;"fraldas_higiene";1
2016;10;"fashion_roupa_feminina";1
2016;12;"fashion_bolsas_e_acessorios";1
2017;1;"moveis_decoracao";177
2017;1;"beleza_saude";82
2017;1;"esporte_lazer";74
2017;1;"ferramentas_jardim";54
2017;1;"cama_mesa_banho";46
2017;1;"brinquedos";41
2017;1;"bebes";40
2017;1;"cool_stuff";37
2017;1;"fashion_bolsas_e_acessorios";35
2017;1;"perfumaria";34
2017;1;"informatica_acessorios";31
2017;1;"automotivo";31
2017;1;"utilidades_domesticas";28
2017;1;"telefonia";22
2017;1;"telefonia_fixa";22
2017;1;"consoles_games";21
2017;1;"pet_shop";14
2017;1;"papelaria";14
2017;1;"";12
2017;1;"eletronicos";11
2017;1;"relogios_presentes";11
2017;1;"moveis_sala";10
2017;1;"moveis_escritorio";8
2017;1;"moveis_quarto";8
2017;1;"eletrodomesticos_2";7
2017;1;"eletroportateis";6
2017;1;"market_place";5
2017;1;"malas_acessorios";5
2017;1;"climatizacao";4
2017;1;"agro_industria_e_comercio";3
2017;1;"musica";2
2017;1;"dvds_blu_ray";2
2017;1;"fashion_underwear_e_moda_praia";2
2017;1;"alimentos";2
2017;1;"fashion_roupa_feminina";2
2017;1;"livros_interesse_geral";2
2017;1;"casa_conforto_2";2
2017;1;"fashion_calcados";1
2017;1;"moveis_cozinha_area_de_servico_jantar_e_jardim";1
2017;1;"pcs";1
2017;1;"instrumentos_musicais";1
2017;1;"fashion_roupa_masculina";1
2017;1;"seguros_e_servicos";1
2017;2;"moveis_decoracao";257
2017;2;"cama_mesa_banho";157
2017;2;"beleza_saude";154
2017;2;"esporte_lazer";149
2017;2;"telefonia";106
2017;2;"informatica_acessorios";100
2017;2;"automotivo";83
2017;2;"ferramentas_jardim";69
2017;2;"utilidades_domesticas";69
2017;2;"cool_stuff";69
2017;2;"brinquedos";66
2017;2;"moveis_escritorio";62
2017;2;"";56
2017;2;"perfumaria";49
2017;2;"pet_shop";39
2017;2;"fashion_bolsas_e_acessorios";36
2017;2;"relogios_presentes";33
2017;2;"bebes";32
2017;2;"eletroportateis";28
2017;2;"telefonia_fixa";22
2017;2;"moveis_sala";21
2017;2;"malas_acessorios";20
2017;2;"market_place";20
2017;2;"eletronicos";19
2017;2;"papelaria";19
2017;2;"consoles_games";18
2017;2;"climatizacao";11
2017;2;"instrumentos_musicais";9
2017;2;"tablets_impressao_imagem";8
2017;2;"fashion_underwear_e_moda_praia";8
2017;2;"livros_interesse_geral";8
2017;2;"alimentos";8
2017;2;"eletrodomesticos";7
2017;2;"agro_industria_e_comercio";7
2017;2;"fashion_roupa_masculina";6
2017;2;"audio";5
2017;2;"casa_construcao";4
2017;2;"fashion_roupa_feminina";3
2017;2;"construcao_ferramentas_construcao";3
2017;2;"casa_conforto";3
2017;2;"fashion_calcados";3
2017;2;"construcao_ferramentas_jardim";2
2017;2;"moveis_cozinha_area_de_servico_jantar_e_jardim";2
2017;2;"industria_comercio_e_negocios";1
2017;2;"eletrodomesticos_2";1
2017;2;"dvds_blu_ray";1
2017;2;"livros_tecnicos";1
2017;2;"cine_foto";1
2017;2;"moveis_quarto";1
2017;2;"construcao_ferramentas_seguranca";1
2017;2;"pcs";1
2017;3;"moveis_decoracao";315
2017;3;"cama_mesa_banho";279
2017;3;"beleza_saude";208
2017;3;"utilidades_domesticas";196
2017;3;"esporte_lazer";190
2017;3;"informatica_acessorios";171
2017;3;"telefonia";165
2017;3;"ferramentas_jardim";146
2017;3;"cool_stuff";118
2017;3;"perfumaria";105
2017;3;"brinquedos";102
2017;3;"relogios_presentes";79
2017;3;"automotivo";78
2017;3;"moveis_escritorio";74
2017;3;"fashion_bolsas_e_acessorios";66
2017;3;"";60
2017;3;"papelaria";56
2017;3;"consoles_games";47
2017;3;"pet_shop";44
2017;3;"bebes";42
2017;3;"malas_acessorios";38
2017;3;"eletronicos";37
2017;3;"eletroportateis";31
2017;3;"livros_interesse_geral";24
2017;3;"moveis_sala";24
2017;3;"alimentos";21
2017;3;"telefonia_fixa";20
2017;3;"market_place";17
2017;3;"climatizacao";17
2017;3;"audio";14
2017;3;"fashion_calcados";14
2017;3;"casa_conforto";13
2017;3;"eletrodomesticos";10
2017;3;"casa_construcao";10
2017;3;"instrumentos_musicais";10
2017;3;"fashion_roupa_masculina";9
2017;3;"fashion_underwear_e_moda_praia";6
2017;3;"tablets_impressao_imagem";5
2017;3;"bebidas";5
2017;3;"alimentos_bebidas";4
2017;3;"artes";4
2017;3;"dvds_blu_ray";4
2017;3;"casa_conforto_2";3
2017;3;"moveis_cozinha_area_de_servico_jantar_e_jardim";3
2017;3;"industria_comercio_e_negocios";2
2017;3;"livros_tecnicos";2
2017;3;"eletrodomesticos_2";2
2017;3;"agro_industria_e_comercio";2
2017;3;"sinalizacao_e_seguranca";1
2017;3;"fashion_esporte";1
2017;3;"construcao_ferramentas_construcao";1
2017;3;"fashion_roupa_feminina";1
2017;3;"musica";1
2017;4;"cama_mesa_banho";271
2017;4;"esporte_lazer";203
2017;4;"moveis_decoracao";191
2017;4;"beleza_saude";180
2017;4;"utilidades_domesticas";169
2017;4;"telefonia";142
2017;4;"informatica_acessorios";132
2017;4;"cool_stuff";114
2017;4;"brinquedos";113
2017;4;"ferramentas_jardim";108
2017;4;"perfumaria";101
2017;4;"relogios_presentes";95
2017;4;"automotivo";84
2017;4;"";69
2017;4;"moveis_escritorio";58
2017;4;"pet_shop";51
2017;4;"bebes";50
2017;4;"eletronicos";48
2017;4;"malas_acessorios";48
2017;4;"fashion_bolsas_e_acessorios";48
2017;4;"papelaria";35
2017;4;"fashion_calcados";23
2017;4;"eletroportateis";20
2017;4;"market_place";19
2017;4;"casa_conforto";17
2017;4;"consoles_games";17
2017;4;"instrumentos_musicais";16
2017;4;"climatizacao";15
2017;4;"livros_interesse_geral";12
2017;4;"moveis_sala";12
2017;4;"audio";11
2017;4;"tablets_impressao_imagem";11
2017;4;"eletrodomesticos";10
2017;4;"moveis_cozinha_area_de_servico_jantar_e_jardim";9
2017;4;"construcao_ferramentas_jardim";8
2017;4;"alimentos";8
2017;4;"telefonia_fixa";6
2017;4;"fashion_roupa_masculina";5
2017;4;"casa_construcao";5
2017;4;"fashion_esporte";4
2017;4;"sinalizacao_e_seguranca";3
2017;4;"fashion_underwear_e_moda_praia";3
2017;4;"alimentos_bebidas";3
2017;4;"moveis_quarto";3
2017;4;"dvds_blu_ray";2
2017;4;"eletrodomesticos_2";2
2017;4;"pc_gamer";2
2017;4;"musica";2
2017;4;"cine_foto";2
2017;4;"fashion_roupa_feminina";1
2017;4;"construcao_ferramentas_ferramentas";1
2017;4;"moveis_colchao_e_estofado";1
2017;4;"livros_importados";1
2017;4;"casa_conforto_2";1
2017;4;"artigos_de_natal";1
2017;4;"livros_tecnicos";1
2017;4;"artes";1
2017;4;"la_cuisine";1
2017;5;"cama_mesa_banho";361
2017;5;"informatica_acessorios";309
2017;5;"esporte_lazer";305
2017;5;"utilidades_domesticas";302
2017;5;"beleza_saude";284
2017;5;"moveis_decoracao";271
2017;5;"cool_stuff";241
2017;5;"telefonia";214
2017;5;"brinquedos";196
2017;5;"perfumaria";143
2017;5;"ferramentas_jardim";138
2017;5;"relogios_presentes";129
2017;5;"automotivo";113
2017;5;"fashion_bolsas_e_acessorios";104
2017;5;"bebes";102
2017;5;"";91
2017;5;"pet_shop";73
2017;5;"malas_acessorios";70
2017;5;"eletronicos";65
2017;5;"papelaria";64
2017;5;"moveis_escritorio";56
2017;5;"casa_conforto";35
2017;5;"moveis_sala";32
2017;5;"consoles_games";29
2017;5;"eletrodomesticos";28
2017;5;"market_place";22
2017;5;"fashion_calcados";22
2017;5;"instrumentos_musicais";20
2017;5;"livros_interesse_geral";20
2017;5;"eletroportateis";18
2017;5;"audio";17
2017;5;"alimentos_bebidas";12
2017;5;"moveis_quarto";9
2017;5;"moveis_cozinha_area_de_servico_jantar_e_jardim";9
2017;5;"telefonia_fixa";9
2017;5;"fashion_underwear_e_moda_praia";7
2017;5;"casa_construcao";7
2017;5;"climatizacao";7
2017;5;"eletrodomesticos_2";7
2017;5;"tablets_impressao_imagem";7
2017;5;"construcao_ferramentas_jardim";7
2017;5;"artes";6
2017;5;"agro_industria_e_comercio";4
2017;5;"fashion_roupa_masculina";4
2017;5;"sinalizacao_e_seguranca";4
2017;5;"dvds_blu_ray";4
2017;5;"fashion_roupa_feminina";4
2017;5;"moveis_colchao_e_estofado";3
2017;5;"livros_tecnicos";3
2017;5;"alimentos";3
2017;5;"fashion_esporte";3
2017;5;"construcao_ferramentas_ferramentas";2
2017;5;"industria_comercio_e_negocios";2
2017;5;"artes_e_artesanato";1
2017;5;"construcao_ferramentas_construcao";1
2017;5;"bebidas";1
2017;5;"cine_foto";1
2017;5;"pc_gamer";1
2017;5;"la_cuisine";1
2017;5;"fashion_roupa_infanto_juvenil";1
2017;6;"cama_mesa_banho";369
2017;6;"utilidades_domesticas";321
2017;6;"esporte_lazer";269
2017;6;"informatica_acessorios";254
2017;6;"beleza_saude";254
2017;6;"moveis_decoracao";230
2017;6;"cool_stuff";199
2017;6;"telefonia";157
2017;6;"brinquedos";156
2017;6;"perfumaria";148
2017;6;"relogios_presentes";119
2017;6;"ferramentas_jardim";110
2017;6;"automotivo";110
2017;6;"fashion_bolsas_e_acessorios";81
2017;6;"bebes";78
2017;6;"pet_shop";63
2017;6;"malas_acessorios";60
2017;6;"";58
2017;6;"moveis_escritorio";50
2017;6;"eletrodomesticos";43
2017;6;"eletronicos";41
2017;6;"papelaria";38
2017;6;"consoles_games";29
2017;6;"eletroportateis";23
2017;6;"livros_interesse_geral";20
2017;6;"instrumentos_musicais";20
2017;6;"fashion_calcados";19
2017;6;"casa_conforto";17
2017;6;"market_place";16
2017;6;"moveis_sala";15
2017;6;"telefonia_fixa";12
2017;6;"climatizacao";11
2017;6;"audio";11
2017;6;"fashion_roupa_masculina";9
2017;6;"casa_construcao";8
2017;6;"construcao_ferramentas_construcao";8
2017;6;"eletrodomesticos_2";6
2017;6;"tablets_impressao_imagem";6
2017;6;"fashion_esporte";5
2017;6;"dvds_blu_ray";4
2017;6;"construcao_ferramentas_jardim";4
2017;6;"musica";4
2017;6;"artes";4
2017;6;"moveis_cozinha_area_de_servico_jantar_e_jardim";4
2017;6;"fashion_roupa_feminina";3
2017;6;"artigos_de_natal";3
2017;6;"livros_tecnicos";2
2017;6;"moveis_quarto";2
2017;6;"industria_comercio_e_negocios";2
2017;6;"alimentos_bebidas";2
2017;6;"livros_importados";2
2017;6;"pc_gamer";1
2017;6;"fashion_roupa_infanto_juvenil";1
2017;6;"bebidas";1
2017;6;"cine_foto";1
2017;6;"agro_industria_e_comercio";1
2017;6;"alimentos";1
2017;6;"casa_conforto_2";1
2017;6;"portateis_casa_forno_e_cafe";1
2017;6;"fashion_underwear_e_moda_praia";1
2017;6;"sinalizacao_e_seguranca";1
2017;7;"cama_mesa_banho";569
2017;7;"esporte_lazer";375
2017;7;"informatica_acessorios";320
2017;7;"moveis_decoracao";314
2017;7;"beleza_saude";308
2017;7;"utilidades_domesticas";271
2017;7;"cool_stuff";228
2017;7;"brinquedos";203
2017;7;"ferramentas_jardim";184
2017;7;"relogios_presentes";162
2017;7;"telefonia";143
2017;7;"bebes";125
2017;7;"perfumaria";121
2017;7;"moveis_escritorio";115
2017;7;"automotivo";114
2017;7;"eletronicos";94
2017;7;"fashion_bolsas_e_acessorios";86
2017;7;"pet_shop";85
2017;7;"papelaria";77
2017;7;"malas_acessorios";73
2017;7;"";58
2017;7;"consoles_games";47
2017;7;"casa_conforto";43
2017;7;"eletrodomesticos";37
2017;7;"eletroportateis";31
2017;7;"instrumentos_musicais";30
2017;7;"moveis_sala";30
2017;7;"fashion_calcados";19
2017;7;"livros_interesse_geral";13
2017;7;"market_place";13
2017;7;"moveis_cozinha_area_de_servico_jantar_e_jardim";11
2017;7;"fashion_roupa_masculina";9
2017;7;"telefonia_fixa";9
2017;7;"construcao_ferramentas_jardim";8
2017;7;"alimentos_bebidas";8
2017;7;"eletrodomesticos_2";7
2017;7;"alimentos";7
2017;7;"construcao_ferramentas_construcao";6
2017;7;"audio";6
2017;7;"cds_dvds_musicais";5
2017;7;"climatizacao";5
2017;7;"sinalizacao_e_seguranca";5
2017;7;"fashion_roupa_feminina";4
2017;7;"la_cuisine";4
2017;7;"moveis_quarto";4
2017;7;"dvds_blu_ray";3
2017;7;"artes";3
2017;7;"fashion_underwear_e_moda_praia";3
2017;7;"bebidas";3
2017;7;"artigos_de_natal";2
2017;7;"livros_tecnicos";2
2017;7;"tablets_impressao_imagem";2
2017;7;"industria_comercio_e_negocios";2
2017;7;"casa_construcao";2
2017;7;"artes_e_artesanato";1
2017;7;"fashion_esporte";1
2017;7;"musica";1
2017;7;"moveis_colchao_e_estofado";1
2017;7;"agro_industria_e_comercio";1
2017;7;"casa_conforto_2";1
2017;7;"artigos_de_festas";1
2017;7;"construcao_ferramentas_iluminacao";1
2017;8;"cama_mesa_banho";506
2017;8;"moveis_decoracao";426
2017;8;"esporte_lazer";417
2017;8;"beleza_saude";352
2017;8;"informatica_acessorios";341
2017;8;"utilidades_domesticas";280
2017;8;"cool_stuff";256
2017;8;"ferramentas_jardim";233
2017;8;"relogios_presentes";211
2017;8;"brinquedos";182
2017;8;"automotivo";161
2017;8;"telefonia";132
2017;8;"bebes";127
2017;8;"perfumaria";127
2017;8;"fashion_bolsas_e_acessorios";95
2017;8;"pet_shop";89
2017;8;"consoles_games";84
2017;8;"papelaria";80
2017;8;"";75
2017;8;"malas_acessorios";62
2017;8;"moveis_escritorio";58
2017;8;"eletronicos";56
2017;8;"eletrodomesticos";42
2017;8;"eletroportateis";36
2017;8;"casa_conforto";28
2017;8;"pcs";28
2017;8;"livros_interesse_geral";27
2017;8;"market_place";23
2017;8;"moveis_sala";23
2017;8;"instrumentos_musicais";23
2017;8;"fashion_calcados";22
2017;8;"telefonia_fixa";20
2017;8;"climatizacao";15
2017;8;"eletrodomesticos_2";15
2017;8;"alimentos_bebidas";15
2017;8;"fashion_roupa_masculina";14
2017;8;"fashion_underwear_e_moda_praia";13
2017;8;"construcao_ferramentas_jardim";10
2017;8;"livros_tecnicos";9
2017;8;"alimentos";8
2017;8;"construcao_ferramentas_construcao";7
2017;8;"audio";7
2017;8;"moveis_cozinha_area_de_servico_jantar_e_jardim";7
2017;8;"tablets_impressao_imagem";6
2017;8;"dvds_blu_ray";6
2017;8;"agro_industria_e_comercio";4
2017;8;"artes";4
2017;8;"sinalizacao_e_seguranca";4
2017;8;"fashion_roupa_feminina";4
2017;8;"cds_dvds_musicais";3
2017;8;"casa_conforto_2";3
2017;8;"moveis_quarto";3
2017;8;"industria_comercio_e_negocios";3
2017;8;"la_cuisine";2
2017;8;"construcao_ferramentas_iluminacao";2
2017;8;"moveis_colchao_e_estofado";2
2017;8;"fashion_esporte";2
2017;8;"bebidas";2
2017;8;"artigos_de_natal";1
2017;8;"portateis_casa_forno_e_cafe";1
2017;8;"casa_construcao";1
2017;8;"construcao_ferramentas_seguranca";1
2017;8;"livros_importados";1
2017;9;"cama_mesa_banho";528
2017;9;"esporte_lazer";453
2017;9;"beleza_saude";376
2017;9;"moveis_decoracao";343
2017;9;"brinquedos";289
2017;9;"relogios_presentes";264
2017;9;"utilidades_domesticas";249
2017;9;"informatica_acessorios";247
2017;9;"ferramentas_jardim";222
2017;9;"cool_stuff";203
2017;9;"telefonia";173
2017;9;"bebes";170
2017;9;"perfumaria";153
2017;9;"fashion_bolsas_e_acessorios";122
2017;9;"automotivo";107
2017;9;"papelaria";75
2017;9;"";73
2017;9;"pet_shop";71
2017;9;"eletronicos";67
2017;9;"consoles_games";63
2017;9;"moveis_escritorio";60
2017;9;"malas_acessorios";42
2017;9;"pcs";40
2017;9;"casa_conforto";33
2017;9;"eletroportateis";30
2017;9;"instrumentos_musicais";26
2017;9;"alimentos";17
2017;9;"fashion_roupa_masculina";16
2017;9;"fashion_underwear_e_moda_praia";16
2017;9;"livros_interesse_geral";14
2017;9;"fashion_calcados";13
2017;9;"telefonia_fixa";13
2017;9;"casa_construcao";11
2017;9;"market_place";11
2017;9;"moveis_sala";11
2017;9;"construcao_ferramentas_construcao";10
2017;9;"audio";10
2017;9;"eletrodomesticos";10
2017;9;"sinalizacao_e_seguranca";9
2017;9;"alimentos_bebidas";9
2017;9;"livros_tecnicos";8
2017;9;"climatizacao";7
2017;9;"eletrodomesticos_2";6
2017;9;"bebidas";6
2017;9;"construcao_ferramentas_jardim";5
2017;9;"construcao_ferramentas_seguranca";5
2017;9;"fashion_esporte";5
2017;9;"livros_importados";4
2017;9;"agro_industria_e_comercio";4
2017;9;"fashion_roupa_feminina";4
2017;9;"artigos_de_natal";4
2017;9;"moveis_cozinha_area_de_servico_jantar_e_jardim";4
2017;9;"moveis_quarto";4
2017;9;"tablets_impressao_imagem";3
2017;9;"construcao_ferramentas_ferramentas";3
2017;9;"artes";3
2017;9;"dvds_blu_ray";2
2017;9;"industria_comercio_e_negocios";2
2017;9;"artigos_de_festas";2
2017;9;"seguros_e_servicos";1
2017;9;"moveis_colchao_e_estofado";1
2017;9;"portateis_casa_forno_e_cafe";1
2017;9;"construcao_ferramentas_iluminacao";1
2017;9;"fashion_roupa_infanto_juvenil";1
2017;9;"cine_foto";1
2017;9;"casa_conforto_2";1
2017;10;"cama_mesa_banho";542
2017;10;"esporte_lazer";462
2017;10;"moveis_decoracao";375
2017;10;"beleza_saude";350
2017;10;"informatica_acessorios";309
2017;10;"relogios_presentes";308
2017;10;"brinquedos";283
2017;10;"ferramentas_jardim";280
2017;10;"cool_stuff";254
2017;10;"telefonia";244
2017;10;"utilidades_domesticas";229
2017;10;"perfumaria";187
2017;10;"automotivo";148
2017;10;"bebes";138
2017;10;"fashion_bolsas_e_acessorios";108
2017;10;"consoles_games";105
2017;10;"moveis_escritorio";102
2017;10;"papelaria";96
2017;10;"pet_shop";76
2017;10;"";68
2017;10;"eletronicos";62
2017;10;"malas_acessorios";56
2017;10;"eletroportateis";32
2017;10;"audio";31
2017;10;"casa_conforto";27
2017;10;"pcs";27
2017;10;"construcao_ferramentas_construcao";19
2017;10;"moveis_sala";19
2017;10;"instrumentos_musicais";19
2017;10;"casa_construcao";18
2017;10;"fashion_calcados";18
2017;10;"alimentos";17
2017;10;"alimentos_bebidas";17
2017;10;"moveis_cozinha_area_de_servico_jantar_e_jardim";16
2017;10;"construcao_ferramentas_seguranca";12
2017;10;"climatizacao";12
2017;10;"bebidas";12
2017;10;"artigos_de_natal";12
2017;10;"livros_interesse_geral";11
2017;10;"market_place";11
2017;10;"fashion_roupa_masculina";10
2017;10;"sinalizacao_e_seguranca";10
2017;10;"eletrodomesticos_2";9
2017;10;"construcao_ferramentas_jardim";9
2017;10;"eletrodomesticos";7
2017;10;"telefonia_fixa";7
2017;10;"livros_tecnicos";6
2017;10;"industria_comercio_e_negocios";5
2017;10;"agro_industria_e_comercio";5
2017;10;"construcao_ferramentas_ferramentas";5
2017;10;"casa_conforto_2";5
2017;10;"dvds_blu_ray";4
2017;10;"moveis_quarto";3
2017;10;"fashion_underwear_e_moda_praia";3
2017;10;"artes";3
2017;10;"construcao_ferramentas_iluminacao";2
2017;10;"artigos_de_festas";2
2017;10;"la_cuisine";1
2017;10;"fashion_roupa_infanto_juvenil";1
2017;10;"cds_dvds_musicais";1
2017;10;"tablets_impressao_imagem";1
2017;10;"fashion_esporte";1
2017;10;"cine_foto";1
2017;10;"musica";1
2017;11;"cama_mesa_banho";961
2017;11;"moveis_decoracao";767
2017;11;"esporte_lazer";597
2017;11;"beleza_saude";573
2017;11;"ferramentas_jardim";547
2017;11;"informatica_acessorios";512
2017;11;"brinquedos";485
2017;11;"relogios_presentes";463
2017;11;"utilidades_domesticas";412
2017;11;"telefonia";371
2017;11;"perfumaria";304
2017;11;"cool_stuff";297
2017;11;"automotivo";260
2017;11;"bebes";197
2017;11;"fashion_bolsas_e_acessorios";193
2017;11;"eletronicos";182
2017;11;"papelaria";163
2017;11;"consoles_games";128
2017;11;"";118
2017;11;"moveis_escritorio";101
2017;11;"pet_shop";97
2017;11;"malas_acessorios";70
2017;11;"construcao_ferramentas_construcao";47
2017;11;"casa_conforto";45
2017;11;"instrumentos_musicais";42
2017;11;"moveis_sala";39
2017;11;"casa_construcao";38
2017;11;"livros_interesse_geral";37
2017;11;"audio";36
2017;11;"moveis_cozinha_area_de_servico_jantar_e_jardim";33
2017;11;"alimentos_bebidas";33
2017;11;"eletroportateis";28
2017;11;"eletrodomesticos";25
2017;11;"artigos_de_natal";22
2017;11;"climatizacao";19
2017;11;"fashion_calcados";19
2017;11;"agro_industria_e_comercio";19
2017;11;"bebidas";18
2017;11;"construcao_ferramentas_jardim";17
2017;11;"market_place";16
2017;11;"construcao_ferramentas_seguranca";14
2017;11;"alimentos";14
2017;11;"eletrodomesticos_2";13
2017;11;"fashion_roupa_masculina";11
2017;11;"fashion_underwear_e_moda_praia";10
2017;11;"construcao_ferramentas_iluminacao";10
2017;11;"pcs";7
2017;11;"flores";6
2017;11;"livros_tecnicos";6
2017;11;"industria_comercio_e_negocios";6
2017;11;"tablets_impressao_imagem";6
2017;11;"sinalizacao_e_seguranca";5
2017;11;"telefonia_fixa";5
2017;11;"construcao_ferramentas_ferramentas";5
2017;11;"artigos_de_festas";3
2017;11;"casa_conforto_2";3
2017;11;"livros_importados";3
2017;11;"cds_dvds_musicais";3
2017;11;"dvds_blu_ray";3
2017;11;"moveis_quarto";3
2017;11;"fashion_roupa_feminina";2
2017;11;"moveis_colchao_e_estofado";2
2017;11;"artes";1
2017;11;"cine_foto";1
2017;11;"fashion_esporte";1
2017;11;"la_cuisine";1
2017;12;"cama_mesa_banho";546
2017;12;"esporte_lazer";484
2017;12;"beleza_saude";460
2017;12;"brinquedos";436
2017;12;"moveis_decoracao";378
2017;12;"relogios_presentes";353
2017;12;"ferramentas_jardim";323
2017;12;"utilidades_domesticas";288
2017;12;"informatica_acessorios";284
2017;12;"automotivo";263
2017;12;"telefonia";260
2017;12;"papelaria";248
2017;12;"cool_stuff";248
2017;12;"perfumaria";233
2017;12;"eletronicos";209
2017;12;"bebes";139
2017;12;"";137
2017;12;"fashion_bolsas_e_acessorios";134
2017;12;"consoles_games";92
2017;12;"pet_shop";72
2017;12;"moveis_escritorio";48
2017;12;"malas_acessorios";46
2017;12;"instrumentos_musicais";42
2017;12;"livros_interesse_geral";41
2017;12;"casa_construcao";38
2017;12;"bebidas";34
2017;12;"eletroportateis";27
2017;12;"construcao_ferramentas_construcao";27
2017;12;"pcs";23
2017;12;"alimentos_bebidas";21
2017;12;"moveis_cozinha_area_de_servico_jantar_e_jardim";20
2017;12;"moveis_sala";20
2017;12;"audio";17
2017;12;"eletrodomesticos";16
2017;12;"artigos_de_natal";16
2017;12;"market_place";14
2017;12;"casa_conforto";14
2017;12;"fashion_calcados";13
2017;12;"alimentos";13
2017;12;"fashion_underwear_e_moda_praia";13
2017;12;"agro_industria_e_comercio";11
2017;12;"industria_comercio_e_negocios";9
2017;12;"moveis_colchao_e_estofado";8
2017;12;"eletrodomesticos_2";8
2017;12;"construcao_ferramentas_seguranca";7
2017;12;"construcao_ferramentas_jardim";6
2017;12;"construcao_ferramentas_ferramentas";6
2017;12;"tablets_impressao_imagem";6
2017;12;"telefonia_fixa";5
2017;12;"fashion_roupa_masculina";4
2017;12;"livros_tecnicos";4
2017;12;"climatizacao";3
2017;12;"livros_importados";3
2017;12;"artes";3
2017;12;"flores";2
2017;12;"artigos_de_festas";2
2017;12;"construcao_ferramentas_iluminacao";2
2017;12;"sinalizacao_e_seguranca";2
2017;12;"fraldas_higiene";2
2017;12;"cds_dvds_musicais";1
2017;12;"dvds_blu_ray";1
2017;12;"moveis_quarto";1
2017;12;"fashion_esporte";1
2018;1;"cama_mesa_banho";836
2018;1;"informatica_acessorios";688
2018;1;"esporte_lazer";642
2018;1;"beleza_saude";619
2018;1;"moveis_decoracao";595
2018;1;"papelaria";385
2018;1;"telefonia";368
2018;1;"relogios_presentes";355
2018;1;"utilidades_domesticas";351
2018;1;"eletronicos";348
2018;1;"cool_stuff";296
2018;1;"automotivo";267
2018;1;"ferramentas_jardim";236
2018;1;"perfumaria";223
2018;1;"bebes";219
2018;1;"";193
2018;1;"brinquedos";161
2018;1;"moveis_escritorio";142
2018;1;"malas_acessorios";126
2018;1;"fashion_bolsas_e_acessorios";125
2018;1;"pet_shop";89
2018;1;"eletroportateis";53
2018;1;"instrumentos_musicais";51
2018;1;"consoles_games";51
2018;1;"bebidas";50
2018;1;"construcao_ferramentas_construcao";48
2018;1;"livros_interesse_geral";44
2018;1;"casa_construcao";40
2018;1;"climatizacao";29
2018;1;"eletrodomesticos";27
2018;1;"audio";26
2018;1;"construcao_ferramentas_jardim";24
2018;1;"moveis_sala";22
2018;1;"moveis_cozinha_area_de_servico_jantar_e_jardim";21
2018;1;"artes";19
2018;1;"alimentos";19
2018;1;"agro_industria_e_comercio";18
2018;1;"casa_conforto";18
2018;1;"industria_comercio_e_negocios";18
2018;1;"livros_tecnicos";17
2018;1;"market_place";14
2018;1;"eletrodomesticos_2";13
2018;1;"alimentos_bebidas";11
2018;1;"pcs";11
2018;1;"construcao_ferramentas_seguranca";11
2018;1;"flores";10
2018;1;"telefonia_fixa";10
2018;1;"artigos_de_natal";10
2018;1;"moveis_colchao_e_estofado";9
2018;1;"fashion_calcados";9
2018;1;"construcao_ferramentas_ferramentas";8
2018;1;"sinalizacao_e_seguranca";8
2018;1;"fashion_underwear_e_moda_praia";8
2018;1;"construcao_ferramentas_iluminacao";7
2018;1;"fashion_roupa_masculina";6
2018;1;"livros_importados";6
2018;1;"moveis_quarto";5
2018;1;"fraldas_higiene";5
2018;1;"fashion_roupa_feminina";3
2018;1;"tablets_impressao_imagem";3
2018;1;"artigos_de_festas";2
2018;1;"fashion_esporte";2
2018;1;"cine_foto";2
2018;1;"dvds_blu_ray";2
2018;1;"musica";1
2018;1;"la_cuisine";1
2018;1;"portateis_casa_forno_e_cafe";1
2018;2;"informatica_acessorios";971
2018;2;"cama_mesa_banho";685
2018;2;"beleza_saude";650
2018;2;"esporte_lazer";637
2018;2;"moveis_decoracao";422
2018;2;"utilidades_domesticas";391
2018;2;"telefonia";354
2018;2;"eletronicos";331
2018;2;"relogios_presentes";324
2018;2;"automotivo";315
2018;2;"ferramentas_jardim";293
2018;2;"perfumaria";211
2018;2;"cool_stuff";180
2018;2;"bebes";172
2018;2;"papelaria";145
2018;2;"brinquedos";139
2018;2;"";117
2018;2;"fashion_bolsas_e_acessorios";107
2018;2;"moveis_escritorio";107
2018;2;"pet_shop";99
2018;2;"construcao_ferramentas_construcao";68
2018;2;"consoles_games";51
2018;2;"eletrodomesticos";48
2018;2;"malas_acessorios";45
2018;2;"instrumentos_musicais";44
2018;2;"alimentos";38
2018;2;"casa_construcao";38
2018;2;"industria_comercio_e_negocios";37
2018;2;"eletroportateis";32
2018;2;"bebidas";31
2018;2;"livros_interesse_geral";28
2018;2;"market_place";28
2018;2;"moveis_sala";26
2018;2;"livros_tecnicos";26
2018;2;"agro_industria_e_comercio";26
2018;2;"artigos_de_natal";24
2018;2;"alimentos_bebidas";23
2018;2;"casa_conforto";21
2018;2;"eletrodomesticos_2";21
2018;2;"construcao_ferramentas_jardim";20
2018;2;"moveis_cozinha_area_de_servico_jantar_e_jardim";19
2018;2;"construcao_ferramentas_iluminacao";17
2018;2;"sinalizacao_e_seguranca";15
2018;2;"audio";15
2018;2;"tablets_impressao_imagem";13
2018;2;"artes";12
2018;2;"construcao_ferramentas_ferramentas";12
2018;2;"climatizacao";12
2018;2;"telefonia_fixa";11
2018;2;"fashion_calcados";11
2018;2;"construcao_ferramentas_seguranca";8
2018;2;"moveis_quarto";7
2018;2;"fashion_underwear_e_moda_praia";7
2018;2;"moveis_colchao_e_estofado";5
2018;2;"portateis_casa_forno_e_cafe";5
2018;2;"fraldas_higiene";4
2018;2;"flores";4
2018;2;"casa_conforto_2";3
2018;2;"fashion_roupa_masculina";3
2018;2;"livros_importados";3
2018;2;"musica";2
2018;2;"cine_foto";2
2018;2;"dvds_blu_ray";1
2018;2;"fashion_roupa_feminina";1
2018;2;"pc_gamer";1
2018;3;"cama_mesa_banho";777
2018;3;"informatica_acessorios";750
2018;3;"esporte_lazer";732
2018;3;"beleza_saude";656
2018;3;"moveis_decoracao";583
2018;3;"relogios_presentes";421
2018;3;"utilidades_domesticas";390
2018;3;"automotivo";336
2018;3;"telefonia";334
2018;3;"eletronicos";254
2018;3;"cool_stuff";253
2018;3;"ferramentas_jardim";253
2018;3;"brinquedos";225
2018;3;"bebes";215
2018;3;"moveis_escritorio";200
2018;3;"perfumaria";198
2018;3;"papelaria";163
2018;3;"fashion_bolsas_e_acessorios";137
2018;3;"";133
2018;3;"pet_shop";122
2018;3;"eletrodomesticos";70
2018;3;"construcao_ferramentas_construcao";66
2018;3;"consoles_games";57
2018;3;"malas_acessorios";56
2018;3;"instrumentos_musicais";53
2018;3;"casa_construcao";43
2018;3;"livros_interesse_geral";38
2018;3;"alimentos";35
2018;3;"eletroportateis";35
2018;3;"audio";34
2018;3;"industria_comercio_e_negocios";29
2018;3;"agro_industria_e_comercio";26
2018;3;"climatizacao";24
2018;3;"construcao_ferramentas_jardim";22
2018;3;"construcao_ferramentas_seguranca";22
2018;3;"bebidas";21
2018;3;"casa_conforto";21
2018;3;"moveis_sala";19
2018;3;"alimentos_bebidas";19
2018;3;"market_place";17
2018;3;"livros_tecnicos";17
2018;3;"telefonia_fixa";14
2018;3;"construcao_ferramentas_iluminacao";13
2018;3;"eletrodomesticos_2";12
2018;3;"moveis_cozinha_area_de_servico_jantar_e_jardim";12
2018;3;"artigos_de_natal";12
2018;3;"fashion_calcados";11
2018;3;"sinalizacao_e_seguranca";9
2018;3;"construcao_ferramentas_ferramentas";9
2018;3;"artes";7
2018;3;"portateis_casa_forno_e_cafe";7
2018;3;"cine_foto";7
2018;3;"artigos_de_festas";6
2018;3;"moveis_quarto";6
2018;3;"fraldas_higiene";5
2018;3;"fashion_underwear_e_moda_praia";5
2018;3;"fashion_roupa_feminina";4
2018;3;"moveis_colchao_e_estofado";4
2018;3;"tablets_impressao_imagem";3
2018;3;"livros_importados";3
2018;3;"flores";3
2018;3;"fashion_roupa_infanto_juvenil";2
2018;3;"musica";2
2018;3;"dvds_blu_ray";2
2018;3;"fashion_esporte";1
2018;3;"la_cuisine";1
2018;3;"casa_conforto_2";1
2018;4;"cama_mesa_banho";736
2018;4;"beleza_saude";685
2018;4;"moveis_decoracao";586
2018;4;"esporte_lazer";586
2018;4;"informatica_acessorios";526
2018;4;"relogios_presentes";494
2018;4;"utilidades_domesticas";462
2018;4;"automotivo";348
2018;4;"ferramentas_jardim";282
2018;4;"telefonia";279
2018;4;"bebes";237
2018;4;"eletronicos";212
2018;4;"cool_stuff";206
2018;4;"brinquedos";202
2018;4;"perfumaria";174
2018;4;"pet_shop";166
2018;4;"papelaria";152
2018;4;"moveis_escritorio";131
2018;4;"eletrodomesticos";104
2018;4;"fashion_bolsas_e_acessorios";102
2018;4;"construcao_ferramentas_construcao";90
2018;4;"casa_construcao";75
2018;4;"";74
2018;4;"eletroportateis";66
2018;4;"instrumentos_musicais";60
2018;4;"malas_acessorios";57
2018;4;"bebidas";54
2018;4;"industria_comercio_e_negocios";53
2018;4;"livros_interesse_geral";49
2018;4;"construcao_ferramentas_iluminacao";47
2018;4;"alimentos";40
2018;4;"consoles_games";40
2018;4;"sinalizacao_e_seguranca";36
2018;4;"moveis_sala";33
2018;4;"audio";31
2018;4;"artes";26
2018;4;"construcao_ferramentas_seguranca";24
2018;4;"climatizacao";23
2018;4;"livros_tecnicos";23
2018;4;"eletrodomesticos_2";23
2018;4;"moveis_cozinha_area_de_servico_jantar_e_jardim";19
2018;4;"alimentos_bebidas";18
2018;4;"casa_conforto";18
2018;4;"construcao_ferramentas_jardim";18
2018;4;"construcao_ferramentas_ferramentas";17
2018;4;"pcs";15
2018;4;"market_place";15
2018;4;"portateis_casa_forno_e_cafe";13
2018;4;"artigos_de_natal";12
2018;4;"agro_industria_e_comercio";12
2018;4;"telefonia_fixa";11
2018;4;"fashion_calcados";11
2018;4;"moveis_quarto";7
2018;4;"fashion_underwear_e_moda_praia";6
2018;4;"cine_foto";5
2018;4;"fashion_roupa_feminina";5
2018;4;"dvds_blu_ray";5
2018;4;"musica";5
2018;4;"fraldas_higiene";4
2018;4;"livros_importados";4
2018;4;"flores";3
2018;4;"la_cuisine";2
2018;4;"artigos_de_festas";2
2018;4;"artes_e_artesanato";1
2018;4;"fashion_esporte";1
2018;4;"casa_conforto_2";1
2018;4;"fashion_roupa_masculina";1
2018;4;"tablets_impressao_imagem";1
2018;4;"cds_dvds_musicais";1
2018;5;"beleza_saude";751
2018;5;"cama_mesa_banho";740
2018;5;"relogios_presentes";625
2018;5;"utilidades_domesticas";618
2018;5;"moveis_decoracao";597
2018;5;"esporte_lazer";489
2018;5;"informatica_acessorios";453
2018;5;"automotivo";308
2018;5;"ferramentas_jardim";288
2018;5;"telefonia";250
2018;5;"bebes";239
2018;5;"eletronicos";231
2018;5;"brinquedos";218
2018;5;"perfumaria";197
2018;5;"cool_stuff";175
2018;5;"pet_shop";136
2018;5;"papelaria";130
2018;5;"construcao_ferramentas_construcao";125
2018;5;"fashion_bolsas_e_acessorios";110
2018;5;"moveis_escritorio";104
2018;5;"casa_construcao";79
2018;5;"eletrodomesticos";64
2018;5;"instrumentos_musicais";61
2018;5;"livros_tecnicos";55
2018;5;"consoles_games";52
2018;5;"livros_interesse_geral";50
2018;5;"malas_acessorios";49
2018;5;"eletroportateis";48
2018;5;"bebidas";47
2018;5;"alimentos";44
2018;5;"";42
2018;5;"industria_comercio_e_negocios";40
2018;5;"construcao_ferramentas_iluminacao";38
2018;5;"artes";34
2018;5;"alimentos_bebidas";25
2018;5;"eletrodomesticos_2";23
2018;5;"construcao_ferramentas_seguranca";22
2018;5;"audio";21
2018;5;"casa_conforto";21
2018;5;"cine_foto";17
2018;5;"construcao_ferramentas_jardim";16
2018;5;"telefonia_fixa";16
2018;5;"moveis_sala";16
2018;5;"market_place";14
2018;5;"climatizacao";14
2018;5;"moveis_cozinha_area_de_servico_jantar_e_jardim";13
2018;5;"pcs";13
2018;5;"livros_importados";10
2018;5;"fashion_calcados";10
2018;5;"portateis_casa_forno_e_cafe";9
2018;5;"agro_industria_e_comercio";8
2018;5;"dvds_blu_ray";7
2018;5;"sinalizacao_e_seguranca";7
2018;5;"fashion_underwear_e_moda_praia";6
2018;5;"artigos_de_natal";6
2018;5;"moveis_quarto";6
2018;5;"musica";5
2018;5;"construcao_ferramentas_ferramentas";5
2018;5;"artigos_de_festas";4
2018;5;"fraldas_higiene";3
2018;5;"portateis_cozinha_e_preparadores_de_alimentos";2
2018;5;"artes_e_artesanato";1
2018;5;"tablets_impressao_imagem";1
2018;5;"flores";1
2018;5;"fashion_roupa_masculina";1
2018;6;"beleza_saude";875
2018;6;"cama_mesa_banho";764
2018;6;"utilidades_domesticas";577
2018;6;"relogios_presentes";477
2018;6;"esporte_lazer";419
2018;6;"moveis_decoracao";402
2018;6;"informatica_acessorios";401
2018;6;"automotivo";295
2018;6;"bebes";223
2018;6;"telefonia";216
2018;6;"eletronicos";191
2018;6;"brinquedos";190
2018;6;"perfumaria";186
2018;6;"ferramentas_jardim";184
2018;6;"pet_shop";178
2018;6;"papelaria";167
2018;6;"construcao_ferramentas_construcao";113
2018;6;"cool_stuff";103
2018;6;"fashion_bolsas_e_acessorios";87
2018;6;"moveis_escritorio";76
2018;6;"casa_construcao";71
2018;6;"eletrodomesticos";65
2018;6;"eletroportateis";49
2018;6;"instrumentos_musicais";47
2018;6;"construcao_ferramentas_iluminacao";44
2018;6;"consoles_games";43
2018;6;"livros_interesse_geral";38
2018;6;"malas_acessorios";36
2018;6;"bebidas";33
2018;6;"moveis_cozinha_area_de_servico_jantar_e_jardim";29
2018;6;"moveis_sala";29
2018;6;"artes";28
2018;6;"sinalizacao_e_seguranca";27
2018;6;"livros_tecnicos";26
2018;6;"industria_comercio_e_negocios";26
2018;6;"alimentos";24
2018;6;"";23
2018;6;"audio";20
2018;6;"eletrodomesticos_2";19
2018;6;"telefonia_fixa";17
2018;6;"casa_conforto";16
2018;6;"construcao_ferramentas_seguranca";16
2018;6;"climatizacao";15
2018;6;"pcs";13
2018;6;"cine_foto";13
2018;6;"alimentos_bebidas";11
2018;6;"construcao_ferramentas_jardim";11
2018;6;"agro_industria_e_comercio";10
2018;6;"fashion_calcados";10
2018;6;"livros_importados";9
2018;6;"moveis_quarto";9
2018;6;"market_place";7
2018;6;"fashion_underwear_e_moda_praia";7
2018;6;"fraldas_higiene";7
2018;6;"fashion_roupa_masculina";7
2018;6;"artigos_de_natal";7
2018;6;"dvds_blu_ray";6
2018;6;"construcao_ferramentas_ferramentas";4
2018;6;"portateis_casa_forno_e_cafe";3
2018;6;"musica";3
2018;6;"casa_conforto_2";2
2018;6;"artigos_de_festas";2
2018;6;"flores";2
2018;6;"tablets_impressao_imagem";1
2018;6;"fashion_roupa_infanto_juvenil";1
2018;7;"beleza_saude";770
2018;7;"cama_mesa_banho";617
2018;7;"utilidades_domesticas";564
2018;7;"relogios_presentes";521
2018;7;"esporte_lazer";460
2018;7;"moveis_decoracao";436
2018;7;"informatica_acessorios";418
2018;7;"automotivo";341
2018;7;"telefonia";221
2018;7;"bebes";214
2018;7;"perfumaria";199
2018;7;"papelaria";190
2018;7;"ferramentas_jardim";177
2018;7;"pet_shop";158
2018;7;"brinquedos";154
2018;7;"eletronicos";151
2018;7;"construcao_ferramentas_construcao";115
2018;7;"cool_stuff";115
2018;7;"moveis_escritorio";80
2018;7;"eletrodomesticos";78
2018;7;"fashion_bolsas_e_acessorios";74
2018;7;"alimentos";64
2018;7;"casa_construcao";60
2018;7;"construcao_ferramentas_iluminacao";55
2018;7;"malas_acessorios";54
2018;7;"moveis_sala";54
2018;7;"consoles_games";49
2018;7;"";47
2018;7;"eletroportateis";42
2018;7;"instrumentos_musicais";36
2018;7;"sinalizacao_e_seguranca";29
2018;7;"agro_industria_e_comercio";27
2018;7;"livros_tecnicos";26
2018;7;"livros_interesse_geral";25
2018;7;"eletrodomesticos_2";23
2018;7;"casa_conforto";23
2018;7;"moveis_cozinha_area_de_servico_jantar_e_jardim";22
2018;7;"audio";22
2018;7;"construcao_ferramentas_jardim";22
2018;7;"artes";21
2018;7;"climatizacao";17
2018;7;"alimentos_bebidas";17
2018;7;"bebidas";16
2018;7;"portateis_casa_forno_e_cafe";15
2018;7;"construcao_ferramentas_seguranca";15
2018;7;"industria_comercio_e_negocios";14
2018;7;"construcao_ferramentas_ferramentas";12
2018;7;"artes_e_artesanato";11
2018;7;"telefonia_fixa";11
2018;7;"moveis_quarto";10
2018;7;"portateis_cozinha_e_preparadores_de_alimentos";8
2018;7;"pcs";8
2018;7;"artigos_de_natal";8
2018;7;"livros_importados";7
2018;7;"cine_foto";7
2018;7;"fashion_calcados";5
2018;7;"fashion_roupa_masculina";5
2018;7;"market_place";4
2018;7;"musica";3
2018;7;"fraldas_higiene";3
2018;7;"casa_conforto_2";3
2018;7;"artigos_de_festas";2
2018;7;"flores";2
2018;7;"pc_gamer";2
2018;7;"fashion_underwear_e_moda_praia";2
2018;7;"moveis_colchao_e_estofado";1
2018;7;"dvds_blu_ray";1
2018;8;"beleza_saude";835
2018;8;"cama_mesa_banho";655
2018;8;"utilidades_domesticas";616
2018;8;"esporte_lazer";471
2018;8;"moveis_decoracao";430
2018;8;"informatica_acessorios";415
2018;8;"relogios_presentes";411
2018;8;"automotivo";370
2018;8;"telefonia";271
2018;8;"perfumaria";218
2018;8;"bebes";212
2018;8;"pet_shop";198
2018;8;"papelaria";169
2018;8;"brinquedos";165
2018;8;"construcao_ferramentas_construcao";162
2018;8;"ferramentas_jardim";136
2018;8;"fashion_bolsas_e_acessorios";126
2018;8;"eletronicos";119
2018;8;"cool_stuff";119
2018;8;"alimentos";115
2018;8;"malas_acessorios";64
2018;8;"eletrodomesticos";63
2018;8;"construcao_ferramentas_iluminacao";62
2018;8;"consoles_games";59
2018;8;"casa_construcao";48
2018;8;"instrumentos_musicais";41
2018;8;"moveis_sala";40
2018;8;"livros_interesse_geral";36
2018;8;"";31
2018;8;"moveis_escritorio";30
2018;8;"livros_tecnicos";29
2018;8;"bebidas";27
2018;8;"audio";26
2018;8;"construcao_ferramentas_seguranca";25
2018;8;"eletroportateis";23
2018;8;"construcao_ferramentas_jardim";23
2018;8;"sinalizacao_e_seguranca";22
2018;8;"climatizacao";21
2018;8;"alimentos_bebidas";21
2018;8;"moveis_cozinha_area_de_servico_jantar_e_jardim";20
2018;8;"agro_industria_e_comercio";18
2018;8;"artes";18
2018;8;"portateis_casa_forno_e_cafe";17
2018;8;"casa_conforto";16
2018;8;"eletrodomesticos_2";14
2018;8;"construcao_ferramentas_ferramentas";14
2018;8;"artigos_de_festas";14
2018;8;"pcs";12
2018;8;"moveis_quarto";12
2018;8;"telefonia_fixa";10
2018;8;"artigos_de_natal";10
2018;8;"industria_comercio_e_negocios";10
2018;8;"artes_e_artesanato";9
2018;8;"cine_foto";9
2018;8;"market_place";8
2018;8;"musica";6
2018;8;"portateis_cozinha_e_preparadores_de_alimentos";4
2018;8;"fraldas_higiene";3
2018;8;"fashion_roupa_masculina";3
2018;8;"fashion_calcados";3
2018;8;"fashion_roupa_feminina";3
2018;8;"fashion_esporte";1
2018;8;"dvds_blu_ray";1
2018;8;"pc_gamer";1
2018;8;"livros_importados";1
2018;8;"fashion_underwear_e_moda_praia";1
