"bulan";"product_category_name";"product_category_name_englishh";"jumlah"
"2016-09";"beleza_saude";"health_beauty";3
"2016-10";"moveis_decoracao";"furniture_decor";65
"2016-10";"beleza_saude";"health_beauty";40
"2016-10";"perfumaria";"perfumery";29
"2016-10";"brinquedos";"toys";24
"2016-10";"esporte_lazer";"sports_leisure";17
"2016-10";"informatica_acessorios";"computers_accessories";12
"2016-10";"utilidades_domesticas";"housewares";12
"2016-10";"bebes";"baby";11
"2016-10";"market_place";"market_place";11
"2016-10";"automotivo";"auto";8
"2016-10";"climatizacao";"air_conditioning";8
"2016-10";"cama_mesa_banho";"bed_bath_table";8
"2016-10";"fashion_bolsas_e_acessorios";"fashion_bags_accessories";8
"2016-10";"telefonia";"telephony";8
"2016-10";"consoles_games";"consoles_games";7
"2016-10";"cool_stuff";"cool_stuff";7
"2016-10";"moveis_escritorio";"office_furniture";6
"2016-10";"telefonia_fixa";"fixed_telephony";5
"2016-10";"ferramentas_jardim";"garden_tools";5
"2016-10";"pet_shop";"pet_shop";4
"2016-10";"relogios_presentes";"watches_gifts";4
"2016-10";"industria_comercio_e_negocios";"industry_commerce_and_business";4
"2016-10";"";"Unknown";2
"2016-10";"audio";"audio";2
"2016-10";"alimentos";"food";1
"2016-10";"fashion_roupa_masculina";"fashion_male_clothing";1
"2016-10";"fashion_calcados";"fashion_shoes";1
"2016-10";"fraldas_higiene";"diapers_and_hygiene";1
"2016-10";"fashion_roupa_feminina";"fashio_female_clothing";1
"2016-10";"eletronicos";"electronics";1
"2016-12";"fashion_bolsas_e_acessorios";"fashion_bags_accessories";1
"2017-01";"moveis_decoracao";"furniture_decor";177
"2017-01";"beleza_saude";"health_beauty";82
"2017-01";"esporte_lazer";"sports_leisure";74
"2017-01";"ferramentas_jardim";"garden_tools";54
"2017-01";"cama_mesa_banho";"bed_bath_table";46
"2017-01";"brinquedos";"toys";41
"2017-01";"bebes";"baby";40
"2017-01";"cool_stuff";"cool_stuff";37
"2017-01";"fashion_bolsas_e_acessorios";"fashion_bags_accessories";35
"2017-01";"perfumaria";"perfumery";34
"2017-01";"informatica_acessorios";"computers_accessories";31
"2017-01";"automotivo";"auto";31
"2017-01";"utilidades_domesticas";"housewares";28
"2017-01";"telefonia";"telephony";22
"2017-01";"telefonia_fixa";"fixed_telephony";22
"2017-01";"consoles_games";"consoles_games";21
"2017-01";"pet_shop";"pet_shop";14
"2017-01";"papelaria";"stationery";14
"2017-01";"";"Unknown";12
"2017-01";"relogios_presentes";"watches_gifts";11
"2017-01";"eletronicos";"electronics";11
"2017-01";"moveis_sala";"furniture_living_room";10
"2017-01";"moveis_quarto";"furniture_bedroom";8
"2017-01";"moveis_escritorio";"office_furniture";8
"2017-01";"eletrodomesticos_2";"home_appliances_2";7
"2017-01";"eletroportateis";"small_appliances";6
"2017-01";"malas_acessorios";"luggage_accessories";5
"2017-01";"market_place";"market_place";5
"2017-01";"climatizacao";"air_conditioning";4
"2017-01";"agro_industria_e_comercio";"agro_industry_and_commerce";3
"2017-01";"casa_conforto_2";"home_comfort_2";2
"2017-01";"alimentos";"food";2
"2017-01";"fashion_underwear_e_moda_praia";"fashion_underwear_beach";2
"2017-01";"livros_interesse_geral";"books_general_interest";2
"2017-01";"dvds_blu_ray";"dvds_blu_ray";2
"2017-01";"fashion_roupa_feminina";"fashio_female_clothing";2
"2017-01";"musica";"music";2
"2017-01";"fashion_roupa_masculina";"fashion_male_clothing";1
"2017-01";"instrumentos_musicais";"musical_instruments";1
"2017-01";"moveis_cozinha_area_de_servico_jantar_e_jardim";"kitchen_dining_laundry_garden_furniture";1
"2017-01";"seguros_e_servicos";"security_and_services";1
"2017-01";"fashion_calcados";"fashion_shoes";1
"2017-01";"pcs";"computers";1
"2017-02";"moveis_decoracao";"furniture_decor";257
"2017-02";"cama_mesa_banho";"bed_bath_table";157
"2017-02";"beleza_saude";"health_beauty";154
"2017-02";"esporte_lazer";"sports_leisure";149
"2017-02";"telefonia";"telephony";106
"2017-02";"informatica_acessorios";"computers_accessories";100
"2017-02";"automotivo";"auto";83
"2017-02";"utilidades_domesticas";"housewares";69
"2017-02";"cool_stuff";"cool_stuff";69
"2017-02";"ferramentas_jardim";"garden_tools";69
"2017-02";"brinquedos";"toys";66
"2017-02";"moveis_escritorio";"office_furniture";62
"2017-02";"";"Unknown";56
"2017-02";"perfumaria";"perfumery";49
"2017-02";"pet_shop";"pet_shop";39
"2017-02";"fashion_bolsas_e_acessorios";"fashion_bags_accessories";36
"2017-02";"relogios_presentes";"watches_gifts";33
"2017-02";"bebes";"baby";32
"2017-02";"eletroportateis";"small_appliances";28
"2017-02";"telefonia_fixa";"fixed_telephony";22
"2017-02";"moveis_sala";"furniture_living_room";21
"2017-02";"malas_acessorios";"luggage_accessories";20
"2017-02";"market_place";"market_place";20
"2017-02";"papelaria";"stationery";19
"2017-02";"eletronicos";"electronics";19
"2017-02";"consoles_games";"consoles_games";18
"2017-02";"climatizacao";"air_conditioning";11
"2017-02";"instrumentos_musicais";"musical_instruments";9
"2017-02";"livros_interesse_geral";"books_general_interest";8
"2017-02";"alimentos";"food";8
"2017-02";"fashion_underwear_e_moda_praia";"fashion_underwear_beach";8
"2017-02";"tablets_impressao_imagem";"tablets_printing_image";8
"2017-02";"agro_industria_e_comercio";"agro_industry_and_commerce";7
"2017-02";"eletrodomesticos";"home_appliances";7
"2017-02";"fashion_roupa_masculina";"fashion_male_clothing";6
"2017-02";"audio";"audio";5
"2017-02";"casa_construcao";"home_construction";4
"2017-02";"fashion_roupa_feminina";"fashio_female_clothing";3
"2017-02";"casa_conforto";"home_confort";3
"2017-02";"construcao_ferramentas_construcao";"construction_tools_construction";3
"2017-02";"fashion_calcados";"fashion_shoes";3
"2017-02";"moveis_cozinha_area_de_servico_jantar_e_jardim";"kitchen_dining_laundry_garden_furniture";2
"2017-02";"construcao_ferramentas_jardim";"costruction_tools_garden";2
"2017-02";"eletrodomesticos_2";"home_appliances_2";1
"2017-02";"industria_comercio_e_negocios";"industry_commerce_and_business";1
"2017-02";"construcao_ferramentas_seguranca";"construction_tools_safety";1
"2017-02";"dvds_blu_ray";"dvds_blu_ray";1
"2017-02";"moveis_quarto";"furniture_bedroom";1
"2017-02";"cine_foto";"cine_photo";1
"2017-02";"livros_tecnicos";"books_technical";1
"2017-02";"pcs";"computers";1
"2017-03";"moveis_decoracao";"furniture_decor";315
"2017-03";"cama_mesa_banho";"bed_bath_table";279
"2017-03";"beleza_saude";"health_beauty";208
"2017-03";"utilidades_domesticas";"housewares";196
"2017-03";"esporte_lazer";"sports_leisure";190
"2017-03";"informatica_acessorios";"computers_accessories";171
"2017-03";"telefonia";"telephony";165
"2017-03";"ferramentas_jardim";"garden_tools";146
"2017-03";"cool_stuff";"cool_stuff";118
"2017-03";"perfumaria";"perfumery";105
"2017-03";"brinquedos";"toys";102
"2017-03";"relogios_presentes";"watches_gifts";79
"2017-03";"automotivo";"auto";78
"2017-03";"moveis_escritorio";"office_furniture";74
"2017-03";"fashion_bolsas_e_acessorios";"fashion_bags_accessories";66
"2017-03";"";"Unknown";60
"2017-03";"papelaria";"stationery";56
"2017-03";"consoles_games";"consoles_games";47
"2017-03";"pet_shop";"pet_shop";44
"2017-03";"bebes";"baby";42
"2017-03";"malas_acessorios";"luggage_accessories";38
"2017-03";"eletronicos";"electronics";37
"2017-03";"eletroportateis";"small_appliances";31
"2017-03";"moveis_sala";"furniture_living_room";24
"2017-03";"livros_interesse_geral";"books_general_interest";24
"2017-03";"alimentos";"food";21
"2017-03";"telefonia_fixa";"fixed_telephony";20
"2017-03";"market_place";"market_place";17
"2017-03";"climatizacao";"air_conditioning";17
"2017-03";"fashion_calcados";"fashion_shoes";14
"2017-03";"audio";"audio";14
"2017-03";"casa_conforto";"home_confort";13
"2017-03";"eletrodomesticos";"home_appliances";10
"2017-03";"casa_construcao";"home_construction";10
"2017-03";"instrumentos_musicais";"musical_instruments";10
"2017-03";"fashion_roupa_masculina";"fashion_male_clothing";9
"2017-03";"fashion_underwear_e_moda_praia";"fashion_underwear_beach";6
"2017-03";"tablets_impressao_imagem";"tablets_printing_image";5
"2017-03";"bebidas";"drinks";5
"2017-03";"alimentos_bebidas";"food_drink";4
"2017-03";"dvds_blu_ray";"dvds_blu_ray";4
"2017-03";"artes";"art";4
"2017-03";"casa_conforto_2";"home_comfort_2";3
"2017-03";"moveis_cozinha_area_de_servico_jantar_e_jardim";"kitchen_dining_laundry_garden_furniture";3
"2017-03";"agro_industria_e_comercio";"agro_industry_and_commerce";2
"2017-03";"livros_tecnicos";"books_technical";2
"2017-03";"industria_comercio_e_negocios";"industry_commerce_and_business";2
"2017-03";"eletrodomesticos_2";"home_appliances_2";2
"2017-03";"construcao_ferramentas_construcao";"construction_tools_construction";1
"2017-03";"musica";"music";1
"2017-03";"fashion_esporte";"fashion_sport";1
"2017-03";"sinalizacao_e_seguranca";"signaling_and_security";1
"2017-03";"fashion_roupa_feminina";"fashio_female_clothing";1
"2017-04";"cama_mesa_banho";"bed_bath_table";271
"2017-04";"esporte_lazer";"sports_leisure";203
"2017-04";"moveis_decoracao";"furniture_decor";191
"2017-04";"beleza_saude";"health_beauty";180
"2017-04";"utilidades_domesticas";"housewares";169
"2017-04";"telefonia";"telephony";142
"2017-04";"informatica_acessorios";"computers_accessories";132
"2017-04";"cool_stuff";"cool_stuff";114
"2017-04";"brinquedos";"toys";113
"2017-04";"ferramentas_jardim";"garden_tools";108
"2017-04";"perfumaria";"perfumery";101
"2017-04";"relogios_presentes";"watches_gifts";95
"2017-04";"automotivo";"auto";84
"2017-04";"";"Unknown";69
"2017-04";"moveis_escritorio";"office_furniture";58
"2017-04";"pet_shop";"pet_shop";51
"2017-04";"bebes";"baby";50
"2017-04";"fashion_bolsas_e_acessorios";"fashion_bags_accessories";48
"2017-04";"malas_acessorios";"luggage_accessories";48
"2017-04";"eletronicos";"electronics";48
"2017-04";"papelaria";"stationery";35
"2017-04";"fashion_calcados";"fashion_shoes";23
"2017-04";"eletroportateis";"small_appliances";20
"2017-04";"market_place";"market_place";19
"2017-04";"casa_conforto";"home_confort";17
"2017-04";"consoles_games";"consoles_games";17
"2017-04";"instrumentos_musicais";"musical_instruments";16
"2017-04";"climatizacao";"air_conditioning";15
"2017-04";"livros_interesse_geral";"books_general_interest";12
"2017-04";"moveis_sala";"furniture_living_room";12
"2017-04";"tablets_impressao_imagem";"tablets_printing_image";11
"2017-04";"audio";"audio";11
"2017-04";"eletrodomesticos";"home_appliances";10
"2017-04";"moveis_cozinha_area_de_servico_jantar_e_jardim";"kitchen_dining_laundry_garden_furniture";9
"2017-04";"alimentos";"food";8
"2017-04";"construcao_ferramentas_jardim";"costruction_tools_garden";8
"2017-04";"telefonia_fixa";"fixed_telephony";6
"2017-04";"fashion_roupa_masculina";"fashion_male_clothing";5
"2017-04";"casa_construcao";"home_construction";5
"2017-04";"fashion_esporte";"fashion_sport";4
"2017-04";"moveis_quarto";"furniture_bedroom";3
"2017-04";"fashion_underwear_e_moda_praia";"fashion_underwear_beach";3
"2017-04";"alimentos_bebidas";"food_drink";3
"2017-04";"sinalizacao_e_seguranca";"signaling_and_security";3
"2017-04";"dvds_blu_ray";"dvds_blu_ray";2
"2017-04";"pc_gamer";"Unknown";2
"2017-04";"eletrodomesticos_2";"home_appliances_2";2
"2017-04";"musica";"music";2
"2017-04";"cine_foto";"cine_photo";2
"2017-04";"artes";"art";1
"2017-04";"artigos_de_natal";"christmas_supplies";1
"2017-04";"moveis_colchao_e_estofado";"furniture_mattress_and_upholstery";1
"2017-04";"casa_conforto_2";"home_comfort_2";1
"2017-04";"la_cuisine";"la_cuisine";1
"2017-04";"fashion_roupa_feminina";"fashio_female_clothing";1
"2017-04";"construcao_ferramentas_ferramentas";"costruction_tools_tools";1
"2017-04";"livros_tecnicos";"books_technical";1
"2017-04";"livros_importados";"books_imported";1
"2017-05";"cama_mesa_banho";"bed_bath_table";361
"2017-05";"informatica_acessorios";"computers_accessories";309
"2017-05";"esporte_lazer";"sports_leisure";305
"2017-05";"utilidades_domesticas";"housewares";302
"2017-05";"beleza_saude";"health_beauty";284
"2017-05";"moveis_decoracao";"furniture_decor";271
"2017-05";"cool_stuff";"cool_stuff";241
"2017-05";"telefonia";"telephony";214
"2017-05";"brinquedos";"toys";196
"2017-05";"perfumaria";"perfumery";143
"2017-05";"ferramentas_jardim";"garden_tools";138
"2017-05";"relogios_presentes";"watches_gifts";129
"2017-05";"automotivo";"auto";113
"2017-05";"fashion_bolsas_e_acessorios";"fashion_bags_accessories";104
"2017-05";"bebes";"baby";102
"2017-05";"";"Unknown";91
"2017-05";"pet_shop";"pet_shop";73
"2017-05";"malas_acessorios";"luggage_accessories";70
"2017-05";"eletronicos";"electronics";65
"2017-05";"papelaria";"stationery";64
"2017-05";"moveis_escritorio";"office_furniture";56
"2017-05";"casa_conforto";"home_confort";35
"2017-05";"moveis_sala";"furniture_living_room";32
"2017-05";"consoles_games";"consoles_games";29
"2017-05";"eletrodomesticos";"home_appliances";28
"2017-05";"market_place";"market_place";22
"2017-05";"fashion_calcados";"fashion_shoes";22
"2017-05";"instrumentos_musicais";"musical_instruments";20
"2017-05";"livros_interesse_geral";"books_general_interest";20
"2017-05";"eletroportateis";"small_appliances";18
"2017-05";"audio";"audio";17
"2017-05";"alimentos_bebidas";"food_drink";12
"2017-05";"telefonia_fixa";"fixed_telephony";9
"2017-05";"moveis_cozinha_area_de_servico_jantar_e_jardim";"kitchen_dining_laundry_garden_furniture";9
"2017-05";"moveis_quarto";"furniture_bedroom";9
"2017-05";"eletrodomesticos_2";"home_appliances_2";7
"2017-05";"climatizacao";"air_conditioning";7
"2017-05";"tablets_impressao_imagem";"tablets_printing_image";7
"2017-05";"casa_construcao";"home_construction";7
"2017-05";"construcao_ferramentas_jardim";"costruction_tools_garden";7
"2017-05";"fashion_underwear_e_moda_praia";"fashion_underwear_beach";7
"2017-05";"artes";"art";6
"2017-05";"fashion_roupa_feminina";"fashio_female_clothing";4
"2017-05";"fashion_roupa_masculina";"fashion_male_clothing";4
"2017-05";"dvds_blu_ray";"dvds_blu_ray";4
"2017-05";"sinalizacao_e_seguranca";"signaling_and_security";4
"2017-05";"agro_industria_e_comercio";"agro_industry_and_commerce";4
"2017-05";"alimentos";"food";3
"2017-05";"livros_tecnicos";"books_technical";3
"2017-05";"fashion_esporte";"fashion_sport";3
"2017-05";"moveis_colchao_e_estofado";"furniture_mattress_and_upholstery";3
"2017-05";"industria_comercio_e_negocios";"industry_commerce_and_business";2
"2017-05";"construcao_ferramentas_ferramentas";"costruction_tools_tools";2
"2017-05";"artes_e_artesanato";"arts_and_craftmanship";1
"2017-05";"construcao_ferramentas_construcao";"construction_tools_construction";1
"2017-05";"la_cuisine";"la_cuisine";1
"2017-05";"fashion_roupa_infanto_juvenil";"fashion_childrens_clothes";1
"2017-05";"cine_foto";"cine_photo";1
"2017-05";"pc_gamer";"Unknown";1
"2017-05";"bebidas";"drinks";1
"2017-06";"cama_mesa_banho";"bed_bath_table";369
"2017-06";"utilidades_domesticas";"housewares";321
"2017-06";"esporte_lazer";"sports_leisure";269
"2017-06";"informatica_acessorios";"computers_accessories";254
"2017-06";"beleza_saude";"health_beauty";254
"2017-06";"moveis_decoracao";"furniture_decor";230
"2017-06";"cool_stuff";"cool_stuff";199
"2017-06";"telefonia";"telephony";157
"2017-06";"brinquedos";"toys";156
"2017-06";"perfumaria";"perfumery";148
"2017-06";"relogios_presentes";"watches_gifts";119
"2017-06";"ferramentas_jardim";"garden_tools";110
"2017-06";"automotivo";"auto";110
"2017-06";"fashion_bolsas_e_acessorios";"fashion_bags_accessories";81
"2017-06";"bebes";"baby";78
"2017-06";"pet_shop";"pet_shop";63
"2017-06";"malas_acessorios";"luggage_accessories";60
"2017-06";"";"Unknown";58
"2017-06";"moveis_escritorio";"office_furniture";50
"2017-06";"eletrodomesticos";"home_appliances";43
"2017-06";"eletronicos";"electronics";41
"2017-06";"papelaria";"stationery";38
"2017-06";"consoles_games";"consoles_games";29
"2017-06";"eletroportateis";"small_appliances";23
"2017-06";"instrumentos_musicais";"musical_instruments";20
"2017-06";"livros_interesse_geral";"books_general_interest";20
"2017-06";"fashion_calcados";"fashion_shoes";19
"2017-06";"casa_conforto";"home_confort";17
"2017-06";"market_place";"market_place";16
"2017-06";"moveis_sala";"furniture_living_room";15
"2017-06";"telefonia_fixa";"fixed_telephony";12
"2017-06";"audio";"audio";11
"2017-06";"climatizacao";"air_conditioning";11
"2017-06";"fashion_roupa_masculina";"fashion_male_clothing";9
"2017-06";"construcao_ferramentas_construcao";"construction_tools_construction";8
"2017-06";"casa_construcao";"home_construction";8
"2017-06";"tablets_impressao_imagem";"tablets_printing_image";6
"2017-06";"eletrodomesticos_2";"home_appliances_2";6
"2017-06";"fashion_esporte";"fashion_sport";5
"2017-06";"artes";"art";4
"2017-06";"moveis_cozinha_area_de_servico_jantar_e_jardim";"kitchen_dining_laundry_garden_furniture";4
"2017-06";"musica";"music";4
"2017-06";"construcao_ferramentas_jardim";"costruction_tools_garden";4
"2017-06";"dvds_blu_ray";"dvds_blu_ray";4
"2017-06";"fashion_roupa_feminina";"fashio_female_clothing";3
"2017-06";"artigos_de_natal";"christmas_supplies";3
"2017-06";"livros_tecnicos";"books_technical";2
"2017-06";"livros_importados";"books_imported";2
"2017-06";"industria_comercio_e_negocios";"industry_commerce_and_business";2
"2017-06";"moveis_quarto";"furniture_bedroom";2
"2017-06";"alimentos_bebidas";"food_drink";2
"2017-06";"fashion_underwear_e_moda_praia";"fashion_underwear_beach";1
"2017-06";"alimentos";"food";1
"2017-06";"fashion_roupa_infanto_juvenil";"fashion_childrens_clothes";1
"2017-06";"cine_foto";"cine_photo";1
"2017-06";"agro_industria_e_comercio";"agro_industry_and_commerce";1
"2017-06";"bebidas";"drinks";1
"2017-06";"sinalizacao_e_seguranca";"signaling_and_security";1
"2017-06";"casa_conforto_2";"home_comfort_2";1
"2017-06";"pc_gamer";"Unknown";1
"2017-06";"portateis_casa_forno_e_cafe";"small_appliances_home_oven_and_coffee";1
"2017-07";"cama_mesa_banho";"bed_bath_table";569
"2017-07";"esporte_lazer";"sports_leisure";375
"2017-07";"informatica_acessorios";"computers_accessories";320
"2017-07";"moveis_decoracao";"furniture_decor";314
"2017-07";"beleza_saude";"health_beauty";308
"2017-07";"utilidades_domesticas";"housewares";271
"2017-07";"cool_stuff";"cool_stuff";228
"2017-07";"brinquedos";"toys";203
"2017-07";"ferramentas_jardim";"garden_tools";184
"2017-07";"relogios_presentes";"watches_gifts";162
"2017-07";"telefonia";"telephony";143
"2017-07";"bebes";"baby";125
"2017-07";"perfumaria";"perfumery";121
"2017-07";"moveis_escritorio";"office_furniture";115
"2017-07";"automotivo";"auto";114
"2017-07";"eletronicos";"electronics";94
"2017-07";"fashion_bolsas_e_acessorios";"fashion_bags_accessories";86
"2017-07";"pet_shop";"pet_shop";85
"2017-07";"papelaria";"stationery";77
"2017-07";"malas_acessorios";"luggage_accessories";73
"2017-07";"";"Unknown";58
"2017-07";"consoles_games";"consoles_games";47
"2017-07";"casa_conforto";"home_confort";43
"2017-07";"eletrodomesticos";"home_appliances";37
"2017-07";"eletroportateis";"small_appliances";31
"2017-07";"moveis_sala";"furniture_living_room";30
"2017-07";"instrumentos_musicais";"musical_instruments";30
"2017-07";"fashion_calcados";"fashion_shoes";19
"2017-07";"market_place";"market_place";13
"2017-07";"livros_interesse_geral";"books_general_interest";13
"2017-07";"moveis_cozinha_area_de_servico_jantar_e_jardim";"kitchen_dining_laundry_garden_furniture";11
"2017-07";"telefonia_fixa";"fixed_telephony";9
"2017-07";"fashion_roupa_masculina";"fashion_male_clothing";9
"2017-07";"alimentos_bebidas";"food_drink";8
"2017-07";"construcao_ferramentas_jardim";"costruction_tools_garden";8
"2017-07";"alimentos";"food";7
"2017-07";"eletrodomesticos_2";"home_appliances_2";7
"2017-07";"construcao_ferramentas_construcao";"construction_tools_construction";6
"2017-07";"audio";"audio";6
"2017-07";"climatizacao";"air_conditioning";5
"2017-07";"cds_dvds_musicais";"cds_dvds_musicals";5
"2017-07";"sinalizacao_e_seguranca";"signaling_and_security";5
"2017-07";"la_cuisine";"la_cuisine";4
"2017-07";"fashion_roupa_feminina";"fashio_female_clothing";4
"2017-07";"moveis_quarto";"furniture_bedroom";4
"2017-07";"bebidas";"drinks";3
"2017-07";"fashion_underwear_e_moda_praia";"fashion_underwear_beach";3
"2017-07";"artes";"art";3
"2017-07";"dvds_blu_ray";"dvds_blu_ray";3
"2017-07";"artigos_de_natal";"christmas_supplies";2
"2017-07";"casa_construcao";"home_construction";2
"2017-07";"livros_tecnicos";"books_technical";2
"2017-07";"tablets_impressao_imagem";"tablets_printing_image";2
"2017-07";"industria_comercio_e_negocios";"industry_commerce_and_business";2
"2017-07";"artes_e_artesanato";"arts_and_craftmanship";1
"2017-07";"moveis_colchao_e_estofado";"furniture_mattress_and_upholstery";1
"2017-07";"agro_industria_e_comercio";"agro_industry_and_commerce";1
"2017-07";"musica";"music";1
"2017-07";"artigos_de_festas";"party_supplies";1
"2017-07";"construcao_ferramentas_iluminacao";"construction_tools_lights";1
"2017-07";"fashion_esporte";"fashion_sport";1
"2017-07";"casa_conforto_2";"home_comfort_2";1
"2017-08";"cama_mesa_banho";"bed_bath_table";506
"2017-08";"moveis_decoracao";"furniture_decor";426
"2017-08";"esporte_lazer";"sports_leisure";417
"2017-08";"beleza_saude";"health_beauty";352
"2017-08";"informatica_acessorios";"computers_accessories";341
"2017-08";"utilidades_domesticas";"housewares";280
"2017-08";"cool_stuff";"cool_stuff";256
"2017-08";"ferramentas_jardim";"garden_tools";233
"2017-08";"relogios_presentes";"watches_gifts";211
"2017-08";"brinquedos";"toys";182
"2017-08";"automotivo";"auto";161
"2017-08";"telefonia";"telephony";132
"2017-08";"perfumaria";"perfumery";127
"2017-08";"bebes";"baby";127
"2017-08";"fashion_bolsas_e_acessorios";"fashion_bags_accessories";95
"2017-08";"pet_shop";"pet_shop";89
"2017-08";"consoles_games";"consoles_games";84
"2017-08";"papelaria";"stationery";80
"2017-08";"";"Unknown";75
"2017-08";"malas_acessorios";"luggage_accessories";62
"2017-08";"moveis_escritorio";"office_furniture";58
"2017-08";"eletronicos";"electronics";56
"2017-08";"eletrodomesticos";"home_appliances";42
"2017-08";"eletroportateis";"small_appliances";36
"2017-08";"pcs";"computers";28
"2017-08";"casa_conforto";"home_confort";28
"2017-08";"livros_interesse_geral";"books_general_interest";27
"2017-08";"instrumentos_musicais";"musical_instruments";23
"2017-08";"moveis_sala";"furniture_living_room";23
"2017-08";"market_place";"market_place";23
"2017-08";"fashion_calcados";"fashion_shoes";22
"2017-08";"telefonia_fixa";"fixed_telephony";20
"2017-08";"alimentos_bebidas";"food_drink";15
"2017-08";"eletrodomesticos_2";"home_appliances_2";15
"2017-08";"climatizacao";"air_conditioning";15
"2017-08";"fashion_roupa_masculina";"fashion_male_clothing";14
"2017-08";"fashion_underwear_e_moda_praia";"fashion_underwear_beach";13
"2017-08";"construcao_ferramentas_jardim";"costruction_tools_garden";10
"2017-08";"livros_tecnicos";"books_technical";9
"2017-08";"alimentos";"food";8
"2017-08";"moveis_cozinha_area_de_servico_jantar_e_jardim";"kitchen_dining_laundry_garden_furniture";7
"2017-08";"audio";"audio";7
"2017-08";"construcao_ferramentas_construcao";"construction_tools_construction";7
"2017-08";"dvds_blu_ray";"dvds_blu_ray";6
"2017-08";"tablets_impressao_imagem";"tablets_printing_image";6
"2017-08";"artes";"art";4
"2017-08";"fashion_roupa_feminina";"fashio_female_clothing";4
"2017-08";"agro_industria_e_comercio";"agro_industry_and_commerce";4
"2017-08";"sinalizacao_e_seguranca";"signaling_and_security";4
"2017-08";"cds_dvds_musicais";"cds_dvds_musicals";3
"2017-08";"moveis_quarto";"furniture_bedroom";3
"2017-08";"casa_conforto_2";"home_comfort_2";3
"2017-08";"industria_comercio_e_negocios";"industry_commerce_and_business";3
"2017-08";"bebidas";"drinks";2
"2017-08";"moveis_colchao_e_estofado";"furniture_mattress_and_upholstery";2
"2017-08";"fashion_esporte";"fashion_sport";2
"2017-08";"construcao_ferramentas_iluminacao";"construction_tools_lights";2
"2017-08";"la_cuisine";"la_cuisine";2
"2017-08";"portateis_casa_forno_e_cafe";"small_appliances_home_oven_and_coffee";1
"2017-08";"construcao_ferramentas_seguranca";"construction_tools_safety";1
"2017-08";"artigos_de_natal";"christmas_supplies";1
"2017-08";"casa_construcao";"home_construction";1
"2017-08";"livros_importados";"books_imported";1
"2017-09";"cama_mesa_banho";"bed_bath_table";528
"2017-09";"esporte_lazer";"sports_leisure";453
"2017-09";"beleza_saude";"health_beauty";376
"2017-09";"moveis_decoracao";"furniture_decor";343
"2017-09";"brinquedos";"toys";289
"2017-09";"relogios_presentes";"watches_gifts";264
"2017-09";"utilidades_domesticas";"housewares";249
"2017-09";"informatica_acessorios";"computers_accessories";247
"2017-09";"ferramentas_jardim";"garden_tools";222
"2017-09";"cool_stuff";"cool_stuff";203
"2017-09";"telefonia";"telephony";173
"2017-09";"bebes";"baby";170
"2017-09";"perfumaria";"perfumery";153
"2017-09";"fashion_bolsas_e_acessorios";"fashion_bags_accessories";122
"2017-09";"automotivo";"auto";107
"2017-09";"papelaria";"stationery";75
"2017-09";"";"Unknown";73
"2017-09";"pet_shop";"pet_shop";71
"2017-09";"eletronicos";"electronics";67
"2017-09";"consoles_games";"consoles_games";63
"2017-09";"moveis_escritorio";"office_furniture";60
"2017-09";"malas_acessorios";"luggage_accessories";42
"2017-09";"pcs";"computers";40
"2017-09";"casa_conforto";"home_confort";33
"2017-09";"eletroportateis";"small_appliances";30
"2017-09";"instrumentos_musicais";"musical_instruments";26
"2017-09";"alimentos";"food";17
"2017-09";"fashion_roupa_masculina";"fashion_male_clothing";16
"2017-09";"fashion_underwear_e_moda_praia";"fashion_underwear_beach";16
"2017-09";"livros_interesse_geral";"books_general_interest";14
"2017-09";"fashion_calcados";"fashion_shoes";13
"2017-09";"telefonia_fixa";"fixed_telephony";13
"2017-09";"casa_construcao";"home_construction";11
"2017-09";"market_place";"market_place";11
"2017-09";"moveis_sala";"furniture_living_room";11
"2017-09";"construcao_ferramentas_construcao";"construction_tools_construction";10
"2017-09";"eletrodomesticos";"home_appliances";10
"2017-09";"audio";"audio";10
"2017-09";"alimentos_bebidas";"food_drink";9
"2017-09";"sinalizacao_e_seguranca";"signaling_and_security";9
"2017-09";"livros_tecnicos";"books_technical";8
"2017-09";"climatizacao";"air_conditioning";7
"2017-09";"bebidas";"drinks";6
"2017-09";"eletrodomesticos_2";"home_appliances_2";6
"2017-09";"construcao_ferramentas_jardim";"costruction_tools_garden";5
"2017-09";"construcao_ferramentas_seguranca";"construction_tools_safety";5
"2017-09";"fashion_esporte";"fashion_sport";5
"2017-09";"moveis_quarto";"furniture_bedroom";4
"2017-09";"livros_importados";"books_imported";4
"2017-09";"agro_industria_e_comercio";"agro_industry_and_commerce";4
"2017-09";"moveis_cozinha_area_de_servico_jantar_e_jardim";"kitchen_dining_laundry_garden_furniture";4
"2017-09";"artigos_de_natal";"christmas_supplies";4
"2017-09";"fashion_roupa_feminina";"fashio_female_clothing";4
"2017-09";"construcao_ferramentas_ferramentas";"costruction_tools_tools";3
"2017-09";"artes";"art";3
"2017-09";"tablets_impressao_imagem";"tablets_printing_image";3
"2017-09";"dvds_blu_ray";"dvds_blu_ray";2
"2017-09";"industria_comercio_e_negocios";"industry_commerce_and_business";2
"2017-09";"artigos_de_festas";"party_supplies";2
"2017-09";"fashion_roupa_infanto_juvenil";"fashion_childrens_clothes";1
"2017-09";"portateis_casa_forno_e_cafe";"small_appliances_home_oven_and_coffee";1
"2017-09";"cine_foto";"cine_photo";1
"2017-09";"moveis_colchao_e_estofado";"furniture_mattress_and_upholstery";1
"2017-09";"seguros_e_servicos";"security_and_services";1
"2017-09";"casa_conforto_2";"home_comfort_2";1
"2017-09";"construcao_ferramentas_iluminacao";"construction_tools_lights";1
"2017-10";"cama_mesa_banho";"bed_bath_table";542
"2017-10";"esporte_lazer";"sports_leisure";462
"2017-10";"moveis_decoracao";"furniture_decor";375
"2017-10";"beleza_saude";"health_beauty";350
"2017-10";"informatica_acessorios";"computers_accessories";309
"2017-10";"relogios_presentes";"watches_gifts";308
"2017-10";"brinquedos";"toys";283
"2017-10";"ferramentas_jardim";"garden_tools";280
"2017-10";"cool_stuff";"cool_stuff";254
"2017-10";"telefonia";"telephony";244
"2017-10";"utilidades_domesticas";"housewares";229
"2017-10";"perfumaria";"perfumery";187
"2017-10";"automotivo";"auto";148
"2017-10";"bebes";"baby";138
"2017-10";"fashion_bolsas_e_acessorios";"fashion_bags_accessories";108
"2017-10";"consoles_games";"consoles_games";105
"2017-10";"moveis_escritorio";"office_furniture";102
"2017-10";"papelaria";"stationery";96
"2017-10";"pet_shop";"pet_shop";76
"2017-10";"";"Unknown";68
"2017-10";"eletronicos";"electronics";62
"2017-10";"malas_acessorios";"luggage_accessories";56
"2017-10";"eletroportateis";"small_appliances";32
"2017-10";"audio";"audio";31
"2017-10";"pcs";"computers";27
"2017-10";"casa_conforto";"home_confort";27
"2017-10";"instrumentos_musicais";"musical_instruments";19
"2017-10";"construcao_ferramentas_construcao";"construction_tools_construction";19
"2017-10";"moveis_sala";"furniture_living_room";19
"2017-10";"fashion_calcados";"fashion_shoes";18
"2017-10";"casa_construcao";"home_construction";18
"2017-10";"alimentos";"food";17
"2017-10";"alimentos_bebidas";"food_drink";17
"2017-10";"moveis_cozinha_area_de_servico_jantar_e_jardim";"kitchen_dining_laundry_garden_furniture";16
"2017-10";"climatizacao";"air_conditioning";12
"2017-10";"construcao_ferramentas_seguranca";"construction_tools_safety";12
"2017-10";"artigos_de_natal";"christmas_supplies";12
"2017-10";"bebidas";"drinks";12
"2017-10";"market_place";"market_place";11
"2017-10";"livros_interesse_geral";"books_general_interest";11
"2017-10";"fashion_roupa_masculina";"fashion_male_clothing";10
"2017-10";"sinalizacao_e_seguranca";"signaling_and_security";10
"2017-10";"eletrodomesticos_2";"home_appliances_2";9
"2017-10";"construcao_ferramentas_jardim";"costruction_tools_garden";9
"2017-10";"eletrodomesticos";"home_appliances";7
"2017-10";"telefonia_fixa";"fixed_telephony";7
"2017-10";"livros_tecnicos";"books_technical";6
"2017-10";"construcao_ferramentas_ferramentas";"costruction_tools_tools";5
"2017-10";"industria_comercio_e_negocios";"industry_commerce_and_business";5
"2017-10";"agro_industria_e_comercio";"agro_industry_and_commerce";5
"2017-10";"casa_conforto_2";"home_comfort_2";5
"2017-10";"dvds_blu_ray";"dvds_blu_ray";4
"2017-10";"artes";"art";3
"2017-10";"fashion_underwear_e_moda_praia";"fashion_underwear_beach";3
"2017-10";"moveis_quarto";"furniture_bedroom";3
"2017-10";"construcao_ferramentas_iluminacao";"construction_tools_lights";2
"2017-10";"artigos_de_festas";"party_supplies";2
"2017-10";"cine_foto";"cine_photo";1
"2017-10";"cds_dvds_musicais";"cds_dvds_musicals";1
"2017-10";"la_cuisine";"la_cuisine";1
"2017-10";"musica";"music";1
"2017-10";"tablets_impressao_imagem";"tablets_printing_image";1
"2017-10";"fashion_roupa_infanto_juvenil";"fashion_childrens_clothes";1
"2017-10";"fashion_esporte";"fashion_sport";1
"2017-11";"cama_mesa_banho";"bed_bath_table";961
"2017-11";"moveis_decoracao";"furniture_decor";767
"2017-11";"esporte_lazer";"sports_leisure";597
"2017-11";"beleza_saude";"health_beauty";573
"2017-11";"ferramentas_jardim";"garden_tools";547
"2017-11";"informatica_acessorios";"computers_accessories";512
"2017-11";"brinquedos";"toys";485
"2017-11";"relogios_presentes";"watches_gifts";463
"2017-11";"utilidades_domesticas";"housewares";412
"2017-11";"telefonia";"telephony";371
"2017-11";"perfumaria";"perfumery";304
"2017-11";"cool_stuff";"cool_stuff";297
"2017-11";"automotivo";"auto";260
"2017-11";"bebes";"baby";197
"2017-11";"fashion_bolsas_e_acessorios";"fashion_bags_accessories";193
"2017-11";"eletronicos";"electronics";182
"2017-11";"papelaria";"stationery";163
"2017-11";"consoles_games";"consoles_games";128
"2017-11";"";"Unknown";118
"2017-11";"moveis_escritorio";"office_furniture";101
"2017-11";"pet_shop";"pet_shop";97
"2017-11";"malas_acessorios";"luggage_accessories";70
"2017-11";"construcao_ferramentas_construcao";"construction_tools_construction";47
"2017-11";"casa_conforto";"home_confort";45
"2017-11";"instrumentos_musicais";"musical_instruments";42
"2017-11";"moveis_sala";"furniture_living_room";39
"2017-11";"casa_construcao";"home_construction";38
"2017-11";"livros_interesse_geral";"books_general_interest";37
"2017-11";"audio";"audio";36
"2017-11";"alimentos_bebidas";"food_drink";33
"2017-11";"moveis_cozinha_area_de_servico_jantar_e_jardim";"kitchen_dining_laundry_garden_furniture";33
"2017-11";"eletroportateis";"small_appliances";28
"2017-11";"eletrodomesticos";"home_appliances";25
"2017-11";"artigos_de_natal";"christmas_supplies";22
"2017-11";"agro_industria_e_comercio";"agro_industry_and_commerce";19
"2017-11";"fashion_calcados";"fashion_shoes";19
"2017-11";"climatizacao";"air_conditioning";19
"2017-11";"bebidas";"drinks";18
"2017-11";"construcao_ferramentas_jardim";"costruction_tools_garden";17
"2017-11";"market_place";"market_place";16
"2017-11";"construcao_ferramentas_seguranca";"construction_tools_safety";14
"2017-11";"alimentos";"food";14
"2017-11";"eletrodomesticos_2";"home_appliances_2";13
"2017-11";"fashion_roupa_masculina";"fashion_male_clothing";11
"2017-11";"construcao_ferramentas_iluminacao";"construction_tools_lights";10
"2017-11";"fashion_underwear_e_moda_praia";"fashion_underwear_beach";10
"2017-11";"pcs";"computers";7
"2017-11";"industria_comercio_e_negocios";"industry_commerce_and_business";6
"2017-11";"livros_tecnicos";"books_technical";6
"2017-11";"flores";"flowers";6
"2017-11";"tablets_impressao_imagem";"tablets_printing_image";6
"2017-11";"telefonia_fixa";"fixed_telephony";5
"2017-11";"sinalizacao_e_seguranca";"signaling_and_security";5
"2017-11";"construcao_ferramentas_ferramentas";"costruction_tools_tools";5
"2017-11";"artigos_de_festas";"party_supplies";3
"2017-11";"dvds_blu_ray";"dvds_blu_ray";3
"2017-11";"livros_importados";"books_imported";3
"2017-11";"casa_conforto_2";"home_comfort_2";3
"2017-11";"cds_dvds_musicais";"cds_dvds_musicals";3
"2017-11";"moveis_quarto";"furniture_bedroom";3
"2017-11";"moveis_colchao_e_estofado";"furniture_mattress_and_upholstery";2
"2017-11";"fashion_roupa_feminina";"fashio_female_clothing";2
"2017-11";"la_cuisine";"la_cuisine";1
"2017-11";"fashion_esporte";"fashion_sport";1
"2017-11";"artes";"art";1
"2017-11";"cine_foto";"cine_photo";1
"2017-12";"cama_mesa_banho";"bed_bath_table";546
"2017-12";"esporte_lazer";"sports_leisure";484
"2017-12";"beleza_saude";"health_beauty";460
"2017-12";"brinquedos";"toys";436
"2017-12";"moveis_decoracao";"furniture_decor";378
"2017-12";"relogios_presentes";"watches_gifts";353
"2017-12";"ferramentas_jardim";"garden_tools";323
"2017-12";"utilidades_domesticas";"housewares";288
"2017-12";"informatica_acessorios";"computers_accessories";284
"2017-12";"automotivo";"auto";263
"2017-12";"telefonia";"telephony";260
"2017-12";"cool_stuff";"cool_stuff";248
"2017-12";"papelaria";"stationery";248
"2017-12";"perfumaria";"perfumery";233
"2017-12";"eletronicos";"electronics";209
"2017-12";"bebes";"baby";139
"2017-12";"";"Unknown";137
"2017-12";"fashion_bolsas_e_acessorios";"fashion_bags_accessories";134
"2017-12";"consoles_games";"consoles_games";92
"2017-12";"pet_shop";"pet_shop";72
"2017-12";"moveis_escritorio";"office_furniture";48
"2017-12";"malas_acessorios";"luggage_accessories";46
"2017-12";"instrumentos_musicais";"musical_instruments";42
"2017-12";"livros_interesse_geral";"books_general_interest";41
"2017-12";"casa_construcao";"home_construction";38
"2017-12";"bebidas";"drinks";34
"2017-12";"eletroportateis";"small_appliances";27
"2017-12";"construcao_ferramentas_construcao";"construction_tools_construction";27
"2017-12";"pcs";"computers";23
"2017-12";"alimentos_bebidas";"food_drink";21
"2017-12";"moveis_sala";"furniture_living_room";20
"2017-12";"moveis_cozinha_area_de_servico_jantar_e_jardim";"kitchen_dining_laundry_garden_furniture";20
"2017-12";"audio";"audio";17
"2017-12";"eletrodomesticos";"home_appliances";16
"2017-12";"artigos_de_natal";"christmas_supplies";16
"2017-12";"market_place";"market_place";14
"2017-12";"casa_conforto";"home_confort";14
"2017-12";"alimentos";"food";13
"2017-12";"fashion_calcados";"fashion_shoes";13
"2017-12";"fashion_underwear_e_moda_praia";"fashion_underwear_beach";13
"2017-12";"agro_industria_e_comercio";"agro_industry_and_commerce";11
"2017-12";"industria_comercio_e_negocios";"industry_commerce_and_business";9
"2017-12";"eletrodomesticos_2";"home_appliances_2";8
"2017-12";"moveis_colchao_e_estofado";"furniture_mattress_and_upholstery";8
"2017-12";"construcao_ferramentas_seguranca";"construction_tools_safety";7
"2017-12";"construcao_ferramentas_jardim";"costruction_tools_garden";6
"2017-12";"tablets_impressao_imagem";"tablets_printing_image";6
"2017-12";"construcao_ferramentas_ferramentas";"costruction_tools_tools";6
"2017-12";"telefonia_fixa";"fixed_telephony";5
"2017-12";"livros_tecnicos";"books_technical";4
"2017-12";"fashion_roupa_masculina";"fashion_male_clothing";4
"2017-12";"artes";"art";3
"2017-12";"livros_importados";"books_imported";3
"2017-12";"climatizacao";"air_conditioning";3
"2017-12";"fraldas_higiene";"diapers_and_hygiene";2
"2017-12";"flores";"flowers";2
"2017-12";"sinalizacao_e_seguranca";"signaling_and_security";2
"2017-12";"artigos_de_festas";"party_supplies";2
"2017-12";"construcao_ferramentas_iluminacao";"construction_tools_lights";2
"2017-12";"moveis_quarto";"furniture_bedroom";1
"2017-12";"cds_dvds_musicais";"cds_dvds_musicals";1
"2017-12";"dvds_blu_ray";"dvds_blu_ray";1
"2017-12";"fashion_esporte";"fashion_sport";1
"2018-01";"cama_mesa_banho";"bed_bath_table";836
"2018-01";"informatica_acessorios";"computers_accessories";688
"2018-01";"esporte_lazer";"sports_leisure";642
"2018-01";"beleza_saude";"health_beauty";619
"2018-01";"moveis_decoracao";"furniture_decor";595
"2018-01";"papelaria";"stationery";385
"2018-01";"telefonia";"telephony";368
"2018-01";"relogios_presentes";"watches_gifts";355
"2018-01";"utilidades_domesticas";"housewares";351
"2018-01";"eletronicos";"electronics";348
"2018-01";"cool_stuff";"cool_stuff";296
"2018-01";"automotivo";"auto";267
"2018-01";"ferramentas_jardim";"garden_tools";236
"2018-01";"perfumaria";"perfumery";223
"2018-01";"bebes";"baby";219
"2018-01";"";"Unknown";193
"2018-01";"brinquedos";"toys";161
"2018-01";"moveis_escritorio";"office_furniture";142
"2018-01";"malas_acessorios";"luggage_accessories";126
"2018-01";"fashion_bolsas_e_acessorios";"fashion_bags_accessories";125
"2018-01";"pet_shop";"pet_shop";89
"2018-01";"eletroportateis";"small_appliances";53
"2018-01";"instrumentos_musicais";"musical_instruments";51
"2018-01";"consoles_games";"consoles_games";51
"2018-01";"bebidas";"drinks";50
"2018-01";"construcao_ferramentas_construcao";"construction_tools_construction";48
"2018-01";"livros_interesse_geral";"books_general_interest";44
"2018-01";"casa_construcao";"home_construction";40
"2018-01";"climatizacao";"air_conditioning";29
"2018-01";"eletrodomesticos";"home_appliances";27
"2018-01";"audio";"audio";26
"2018-01";"construcao_ferramentas_jardim";"costruction_tools_garden";24
"2018-01";"moveis_sala";"furniture_living_room";22
"2018-01";"moveis_cozinha_area_de_servico_jantar_e_jardim";"kitchen_dining_laundry_garden_furniture";21
"2018-01";"artes";"art";19
"2018-01";"alimentos";"food";19
"2018-01";"industria_comercio_e_negocios";"industry_commerce_and_business";18
"2018-01";"agro_industria_e_comercio";"agro_industry_and_commerce";18
"2018-01";"casa_conforto";"home_confort";18
"2018-01";"livros_tecnicos";"books_technical";17
"2018-01";"market_place";"market_place";14
"2018-01";"eletrodomesticos_2";"home_appliances_2";13
"2018-01";"construcao_ferramentas_seguranca";"construction_tools_safety";11
"2018-01";"pcs";"computers";11
"2018-01";"alimentos_bebidas";"food_drink";11
"2018-01";"artigos_de_natal";"christmas_supplies";10
"2018-01";"flores";"flowers";10
"2018-01";"telefonia_fixa";"fixed_telephony";10
"2018-01";"fashion_calcados";"fashion_shoes";9
"2018-01";"moveis_colchao_e_estofado";"furniture_mattress_and_upholstery";9
"2018-01";"fashion_underwear_e_moda_praia";"fashion_underwear_beach";8
"2018-01";"sinalizacao_e_seguranca";"signaling_and_security";8
"2018-01";"construcao_ferramentas_ferramentas";"costruction_tools_tools";8
"2018-01";"construcao_ferramentas_iluminacao";"construction_tools_lights";7
"2018-01";"fashion_roupa_masculina";"fashion_male_clothing";6
"2018-01";"livros_importados";"books_imported";6
"2018-01";"moveis_quarto";"furniture_bedroom";5
"2018-01";"fraldas_higiene";"diapers_and_hygiene";5
"2018-01";"fashion_roupa_feminina";"fashio_female_clothing";3
"2018-01";"tablets_impressao_imagem";"tablets_printing_image";3
"2018-01";"fashion_esporte";"fashion_sport";2
"2018-01";"dvds_blu_ray";"dvds_blu_ray";2
"2018-01";"cine_foto";"cine_photo";2
"2018-01";"artigos_de_festas";"party_supplies";2
"2018-01";"la_cuisine";"la_cuisine";1
"2018-01";"musica";"music";1
"2018-01";"portateis_casa_forno_e_cafe";"small_appliances_home_oven_and_coffee";1
"2018-02";"informatica_acessorios";"computers_accessories";971
"2018-02";"cama_mesa_banho";"bed_bath_table";685
"2018-02";"beleza_saude";"health_beauty";650
"2018-02";"esporte_lazer";"sports_leisure";637
"2018-02";"moveis_decoracao";"furniture_decor";422
"2018-02";"utilidades_domesticas";"housewares";391
"2018-02";"telefonia";"telephony";354
"2018-02";"eletronicos";"electronics";331
"2018-02";"relogios_presentes";"watches_gifts";324
"2018-02";"automotivo";"auto";315
"2018-02";"ferramentas_jardim";"garden_tools";293
"2018-02";"perfumaria";"perfumery";211
"2018-02";"cool_stuff";"cool_stuff";180
"2018-02";"bebes";"baby";172
"2018-02";"papelaria";"stationery";145
"2018-02";"brinquedos";"toys";139
"2018-02";"";"Unknown";117
"2018-02";"moveis_escritorio";"office_furniture";107
"2018-02";"fashion_bolsas_e_acessorios";"fashion_bags_accessories";107
"2018-02";"pet_shop";"pet_shop";99
"2018-02";"construcao_ferramentas_construcao";"construction_tools_construction";68
"2018-02";"consoles_games";"consoles_games";51
"2018-02";"eletrodomesticos";"home_appliances";48
"2018-02";"malas_acessorios";"luggage_accessories";45
"2018-02";"instrumentos_musicais";"musical_instruments";44
"2018-02";"casa_construcao";"home_construction";38
"2018-02";"alimentos";"food";38
"2018-02";"industria_comercio_e_negocios";"industry_commerce_and_business";37
"2018-02";"eletroportateis";"small_appliances";32
"2018-02";"bebidas";"drinks";31
"2018-02";"market_place";"market_place";28
"2018-02";"livros_interesse_geral";"books_general_interest";28
"2018-02";"moveis_sala";"furniture_living_room";26
"2018-02";"agro_industria_e_comercio";"agro_industry_and_commerce";26
"2018-02";"livros_tecnicos";"books_technical";26
"2018-02";"artigos_de_natal";"christmas_supplies";24
"2018-02";"alimentos_bebidas";"food_drink";23
"2018-02";"casa_conforto";"home_confort";21
"2018-02";"eletrodomesticos_2";"home_appliances_2";21
"2018-02";"construcao_ferramentas_jardim";"costruction_tools_garden";20
"2018-02";"moveis_cozinha_area_de_servico_jantar_e_jardim";"kitchen_dining_laundry_garden_furniture";19
"2018-02";"construcao_ferramentas_iluminacao";"construction_tools_lights";17
"2018-02";"sinalizacao_e_seguranca";"signaling_and_security";15
"2018-02";"audio";"audio";15
"2018-02";"tablets_impressao_imagem";"tablets_printing_image";13
"2018-02";"climatizacao";"air_conditioning";12
"2018-02";"artes";"art";12
"2018-02";"construcao_ferramentas_ferramentas";"costruction_tools_tools";12
"2018-02";"telefonia_fixa";"fixed_telephony";11
"2018-02";"fashion_calcados";"fashion_shoes";11
"2018-02";"construcao_ferramentas_seguranca";"construction_tools_safety";8
"2018-02";"fashion_underwear_e_moda_praia";"fashion_underwear_beach";7
"2018-02";"moveis_quarto";"furniture_bedroom";7
"2018-02";"moveis_colchao_e_estofado";"furniture_mattress_and_upholstery";5
"2018-02";"portateis_casa_forno_e_cafe";"small_appliances_home_oven_and_coffee";5
"2018-02";"flores";"flowers";4
"2018-02";"fraldas_higiene";"diapers_and_hygiene";4
"2018-02";"fashion_roupa_masculina";"fashion_male_clothing";3
"2018-02";"livros_importados";"books_imported";3
"2018-02";"casa_conforto_2";"home_comfort_2";3
"2018-02";"cine_foto";"cine_photo";2
"2018-02";"musica";"music";2
"2018-02";"pc_gamer";"Unknown";1
"2018-02";"fashion_roupa_feminina";"fashio_female_clothing";1
"2018-02";"dvds_blu_ray";"dvds_blu_ray";1
"2018-03";"cama_mesa_banho";"bed_bath_table";777
"2018-03";"informatica_acessorios";"computers_accessories";750
"2018-03";"esporte_lazer";"sports_leisure";732
"2018-03";"beleza_saude";"health_beauty";656
"2018-03";"moveis_decoracao";"furniture_decor";583
"2018-03";"relogios_presentes";"watches_gifts";421
"2018-03";"utilidades_domesticas";"housewares";390
"2018-03";"automotivo";"auto";336
"2018-03";"telefonia";"telephony";334
"2018-03";"eletronicos";"electronics";254
"2018-03";"ferramentas_jardim";"garden_tools";253
"2018-03";"cool_stuff";"cool_stuff";253
"2018-03";"brinquedos";"toys";225
"2018-03";"bebes";"baby";215
"2018-03";"moveis_escritorio";"office_furniture";200
"2018-03";"perfumaria";"perfumery";198
"2018-03";"papelaria";"stationery";163
"2018-03";"fashion_bolsas_e_acessorios";"fashion_bags_accessories";137
"2018-03";"";"Unknown";133
"2018-03";"pet_shop";"pet_shop";122
"2018-03";"eletrodomesticos";"home_appliances";70
"2018-03";"construcao_ferramentas_construcao";"construction_tools_construction";66
"2018-03";"consoles_games";"consoles_games";57
"2018-03";"malas_acessorios";"luggage_accessories";56
"2018-03";"instrumentos_musicais";"musical_instruments";53
"2018-03";"casa_construcao";"home_construction";43
"2018-03";"livros_interesse_geral";"books_general_interest";38
"2018-03";"eletroportateis";"small_appliances";35
"2018-03";"alimentos";"food";35
"2018-03";"audio";"audio";34
"2018-03";"industria_comercio_e_negocios";"industry_commerce_and_business";29
"2018-03";"agro_industria_e_comercio";"agro_industry_and_commerce";26
"2018-03";"climatizacao";"air_conditioning";24
"2018-03";"construcao_ferramentas_jardim";"costruction_tools_garden";22
"2018-03";"construcao_ferramentas_seguranca";"construction_tools_safety";22
"2018-03";"bebidas";"drinks";21
"2018-03";"casa_conforto";"home_confort";21
"2018-03";"alimentos_bebidas";"food_drink";19
"2018-03";"moveis_sala";"furniture_living_room";19
"2018-03";"market_place";"market_place";17
"2018-03";"livros_tecnicos";"books_technical";17
"2018-03";"telefonia_fixa";"fixed_telephony";14
"2018-03";"construcao_ferramentas_iluminacao";"construction_tools_lights";13
"2018-03";"eletrodomesticos_2";"home_appliances_2";12
"2018-03";"artigos_de_natal";"christmas_supplies";12
"2018-03";"moveis_cozinha_area_de_servico_jantar_e_jardim";"kitchen_dining_laundry_garden_furniture";12
"2018-03";"fashion_calcados";"fashion_shoes";11
"2018-03";"construcao_ferramentas_ferramentas";"costruction_tools_tools";9
"2018-03";"sinalizacao_e_seguranca";"signaling_and_security";9
"2018-03";"artes";"art";7
"2018-03";"cine_foto";"cine_photo";7
"2018-03";"portateis_casa_forno_e_cafe";"small_appliances_home_oven_and_coffee";7
"2018-03";"moveis_quarto";"furniture_bedroom";6
"2018-03";"artigos_de_festas";"party_supplies";6
"2018-03";"fashion_underwear_e_moda_praia";"fashion_underwear_beach";5
"2018-03";"fraldas_higiene";"diapers_and_hygiene";5
"2018-03";"fashion_roupa_feminina";"fashio_female_clothing";4
"2018-03";"moveis_colchao_e_estofado";"furniture_mattress_and_upholstery";4
"2018-03";"flores";"flowers";3
"2018-03";"livros_importados";"books_imported";3
"2018-03";"tablets_impressao_imagem";"tablets_printing_image";3
"2018-03";"fashion_roupa_infanto_juvenil";"fashion_childrens_clothes";2
"2018-03";"dvds_blu_ray";"dvds_blu_ray";2
"2018-03";"musica";"music";2
"2018-03";"la_cuisine";"la_cuisine";1
"2018-03";"casa_conforto_2";"home_comfort_2";1
"2018-03";"fashion_esporte";"fashion_sport";1
"2018-04";"cama_mesa_banho";"bed_bath_table";736
"2018-04";"beleza_saude";"health_beauty";685
"2018-04";"moveis_decoracao";"furniture_decor";586
"2018-04";"esporte_lazer";"sports_leisure";586
"2018-04";"informatica_acessorios";"computers_accessories";526
"2018-04";"relogios_presentes";"watches_gifts";494
"2018-04";"utilidades_domesticas";"housewares";462
"2018-04";"automotivo";"auto";348
"2018-04";"ferramentas_jardim";"garden_tools";282
"2018-04";"telefonia";"telephony";279
"2018-04";"bebes";"baby";237
"2018-04";"eletronicos";"electronics";212
"2018-04";"cool_stuff";"cool_stuff";206
"2018-04";"brinquedos";"toys";202
"2018-04";"perfumaria";"perfumery";174
"2018-04";"pet_shop";"pet_shop";166
"2018-04";"papelaria";"stationery";152
"2018-04";"moveis_escritorio";"office_furniture";131
"2018-04";"eletrodomesticos";"home_appliances";104
"2018-04";"fashion_bolsas_e_acessorios";"fashion_bags_accessories";102
"2018-04";"construcao_ferramentas_construcao";"construction_tools_construction";90
"2018-04";"casa_construcao";"home_construction";75
"2018-04";"";"Unknown";74
"2018-04";"eletroportateis";"small_appliances";66
"2018-04";"instrumentos_musicais";"musical_instruments";60
"2018-04";"malas_acessorios";"luggage_accessories";57
"2018-04";"bebidas";"drinks";54
"2018-04";"industria_comercio_e_negocios";"industry_commerce_and_business";53
"2018-04";"livros_interesse_geral";"books_general_interest";49
"2018-04";"construcao_ferramentas_iluminacao";"construction_tools_lights";47
"2018-04";"alimentos";"food";40
"2018-04";"consoles_games";"consoles_games";40
"2018-04";"sinalizacao_e_seguranca";"signaling_and_security";36
"2018-04";"moveis_sala";"furniture_living_room";33
"2018-04";"audio";"audio";31
"2018-04";"artes";"art";26
"2018-04";"construcao_ferramentas_seguranca";"construction_tools_safety";24
"2018-04";"livros_tecnicos";"books_technical";23
"2018-04";"eletrodomesticos_2";"home_appliances_2";23
"2018-04";"climatizacao";"air_conditioning";23
"2018-04";"moveis_cozinha_area_de_servico_jantar_e_jardim";"kitchen_dining_laundry_garden_furniture";19
"2018-04";"casa_conforto";"home_confort";18
"2018-04";"construcao_ferramentas_jardim";"costruction_tools_garden";18
"2018-04";"alimentos_bebidas";"food_drink";18
"2018-04";"construcao_ferramentas_ferramentas";"costruction_tools_tools";17
"2018-04";"market_place";"market_place";15
"2018-04";"pcs";"computers";15
"2018-04";"portateis_casa_forno_e_cafe";"small_appliances_home_oven_and_coffee";13
"2018-04";"artigos_de_natal";"christmas_supplies";12
"2018-04";"agro_industria_e_comercio";"agro_industry_and_commerce";12
"2018-04";"fashion_calcados";"fashion_shoes";11
"2018-04";"telefonia_fixa";"fixed_telephony";11
"2018-04";"moveis_quarto";"furniture_bedroom";7
"2018-04";"fashion_underwear_e_moda_praia";"fashion_underwear_beach";6
"2018-04";"dvds_blu_ray";"dvds_blu_ray";5
"2018-04";"musica";"music";5
"2018-04";"cine_foto";"cine_photo";5
"2018-04";"fashion_roupa_feminina";"fashio_female_clothing";5
"2018-04";"fraldas_higiene";"diapers_and_hygiene";4
"2018-04";"livros_importados";"books_imported";4
"2018-04";"flores";"flowers";3
"2018-04";"la_cuisine";"la_cuisine";2
"2018-04";"artigos_de_festas";"party_supplies";2
"2018-04";"fashion_esporte";"fashion_sport";1
"2018-04";"artes_e_artesanato";"arts_and_craftmanship";1
"2018-04";"casa_conforto_2";"home_comfort_2";1
"2018-04";"fashion_roupa_masculina";"fashion_male_clothing";1
"2018-04";"tablets_impressao_imagem";"tablets_printing_image";1
"2018-04";"cds_dvds_musicais";"cds_dvds_musicals";1
"2018-05";"beleza_saude";"health_beauty";751
"2018-05";"cama_mesa_banho";"bed_bath_table";740
"2018-05";"relogios_presentes";"watches_gifts";625
"2018-05";"utilidades_domesticas";"housewares";618
"2018-05";"moveis_decoracao";"furniture_decor";597
"2018-05";"esporte_lazer";"sports_leisure";489
"2018-05";"informatica_acessorios";"computers_accessories";453
"2018-05";"automotivo";"auto";308
"2018-05";"ferramentas_jardim";"garden_tools";288
"2018-05";"telefonia";"telephony";250
"2018-05";"bebes";"baby";239
"2018-05";"eletronicos";"electronics";231
"2018-05";"brinquedos";"toys";218
"2018-05";"perfumaria";"perfumery";197
"2018-05";"cool_stuff";"cool_stuff";175
"2018-05";"pet_shop";"pet_shop";136
"2018-05";"papelaria";"stationery";130
"2018-05";"construcao_ferramentas_construcao";"construction_tools_construction";125
"2018-05";"fashion_bolsas_e_acessorios";"fashion_bags_accessories";110
"2018-05";"moveis_escritorio";"office_furniture";104
"2018-05";"casa_construcao";"home_construction";79
"2018-05";"eletrodomesticos";"home_appliances";64
"2018-05";"instrumentos_musicais";"musical_instruments";61
"2018-05";"livros_tecnicos";"books_technical";55
"2018-05";"consoles_games";"consoles_games";52
"2018-05";"livros_interesse_geral";"books_general_interest";50
"2018-05";"malas_acessorios";"luggage_accessories";49
"2018-05";"eletroportateis";"small_appliances";48
"2018-05";"bebidas";"drinks";47
"2018-05";"alimentos";"food";44
"2018-05";"";"Unknown";42
"2018-05";"industria_comercio_e_negocios";"industry_commerce_and_business";40
"2018-05";"construcao_ferramentas_iluminacao";"construction_tools_lights";38
"2018-05";"artes";"art";34
"2018-05";"alimentos_bebidas";"food_drink";25
"2018-05";"eletrodomesticos_2";"home_appliances_2";23
"2018-05";"construcao_ferramentas_seguranca";"construction_tools_safety";22
"2018-05";"audio";"audio";21
"2018-05";"casa_conforto";"home_confort";21
"2018-05";"cine_foto";"cine_photo";17
"2018-05";"moveis_sala";"furniture_living_room";16
"2018-05";"telefonia_fixa";"fixed_telephony";16
"2018-05";"construcao_ferramentas_jardim";"costruction_tools_garden";16
"2018-05";"climatizacao";"air_conditioning";14
"2018-05";"market_place";"market_place";14
"2018-05";"pcs";"computers";13
"2018-05";"moveis_cozinha_area_de_servico_jantar_e_jardim";"kitchen_dining_laundry_garden_furniture";13
"2018-05";"fashion_calcados";"fashion_shoes";10
"2018-05";"livros_importados";"books_imported";10
"2018-05";"portateis_casa_forno_e_cafe";"small_appliances_home_oven_and_coffee";9
"2018-05";"agro_industria_e_comercio";"agro_industry_and_commerce";8
"2018-05";"dvds_blu_ray";"dvds_blu_ray";7
"2018-05";"sinalizacao_e_seguranca";"signaling_and_security";7
"2018-05";"artigos_de_natal";"christmas_supplies";6
"2018-05";"fashion_underwear_e_moda_praia";"fashion_underwear_beach";6
"2018-05";"moveis_quarto";"furniture_bedroom";6
"2018-05";"musica";"music";5
"2018-05";"construcao_ferramentas_ferramentas";"costruction_tools_tools";5
"2018-05";"artigos_de_festas";"party_supplies";4
"2018-05";"fraldas_higiene";"diapers_and_hygiene";3
"2018-05";"portateis_cozinha_e_preparadores_de_alimentos";"Unknown";2
"2018-05";"fashion_roupa_masculina";"fashion_male_clothing";1
"2018-05";"tablets_impressao_imagem";"tablets_printing_image";1
"2018-05";"flores";"flowers";1
"2018-05";"artes_e_artesanato";"arts_and_craftmanship";1
"2018-06";"beleza_saude";"health_beauty";875
"2018-06";"cama_mesa_banho";"bed_bath_table";764
"2018-06";"utilidades_domesticas";"housewares";577
"2018-06";"relogios_presentes";"watches_gifts";477
"2018-06";"esporte_lazer";"sports_leisure";419
"2018-06";"moveis_decoracao";"furniture_decor";402
"2018-06";"informatica_acessorios";"computers_accessories";401
"2018-06";"automotivo";"auto";295
"2018-06";"bebes";"baby";223
"2018-06";"telefonia";"telephony";216
"2018-06";"eletronicos";"electronics";191
"2018-06";"brinquedos";"toys";190
"2018-06";"perfumaria";"perfumery";186
"2018-06";"ferramentas_jardim";"garden_tools";184
"2018-06";"pet_shop";"pet_shop";178
"2018-06";"papelaria";"stationery";167
"2018-06";"construcao_ferramentas_construcao";"construction_tools_construction";113
"2018-06";"cool_stuff";"cool_stuff";103
"2018-06";"fashion_bolsas_e_acessorios";"fashion_bags_accessories";87
"2018-06";"moveis_escritorio";"office_furniture";76
"2018-06";"casa_construcao";"home_construction";71
"2018-06";"eletrodomesticos";"home_appliances";65
"2018-06";"eletroportateis";"small_appliances";49
"2018-06";"instrumentos_musicais";"musical_instruments";47
"2018-06";"construcao_ferramentas_iluminacao";"construction_tools_lights";44
"2018-06";"consoles_games";"consoles_games";43
"2018-06";"livros_interesse_geral";"books_general_interest";38
"2018-06";"malas_acessorios";"luggage_accessories";36
"2018-06";"bebidas";"drinks";33
"2018-06";"moveis_sala";"furniture_living_room";29
"2018-06";"moveis_cozinha_area_de_servico_jantar_e_jardim";"kitchen_dining_laundry_garden_furniture";29
"2018-06";"artes";"art";28
"2018-06";"sinalizacao_e_seguranca";"signaling_and_security";27
"2018-06";"livros_tecnicos";"books_technical";26
"2018-06";"industria_comercio_e_negocios";"industry_commerce_and_business";26
"2018-06";"alimentos";"food";24
"2018-06";"";"Unknown";23
"2018-06";"audio";"audio";20
"2018-06";"eletrodomesticos_2";"home_appliances_2";19
"2018-06";"telefonia_fixa";"fixed_telephony";17
"2018-06";"casa_conforto";"home_confort";16
"2018-06";"construcao_ferramentas_seguranca";"construction_tools_safety";16
"2018-06";"climatizacao";"air_conditioning";15
"2018-06";"pcs";"computers";13
"2018-06";"cine_foto";"cine_photo";13
"2018-06";"alimentos_bebidas";"food_drink";11
"2018-06";"construcao_ferramentas_jardim";"costruction_tools_garden";11
"2018-06";"fashion_calcados";"fashion_shoes";10
"2018-06";"agro_industria_e_comercio";"agro_industry_and_commerce";10
"2018-06";"livros_importados";"books_imported";9
"2018-06";"moveis_quarto";"furniture_bedroom";9
"2018-06";"fashion_roupa_masculina";"fashion_male_clothing";7
"2018-06";"artigos_de_natal";"christmas_supplies";7
"2018-06";"market_place";"market_place";7
"2018-06";"fashion_underwear_e_moda_praia";"fashion_underwear_beach";7
"2018-06";"fraldas_higiene";"diapers_and_hygiene";7
"2018-06";"dvds_blu_ray";"dvds_blu_ray";6
"2018-06";"construcao_ferramentas_ferramentas";"costruction_tools_tools";4
"2018-06";"musica";"music";3
"2018-06";"portateis_casa_forno_e_cafe";"small_appliances_home_oven_and_coffee";3
"2018-06";"flores";"flowers";2
"2018-06";"artigos_de_festas";"party_supplies";2
"2018-06";"casa_conforto_2";"home_comfort_2";2
"2018-06";"tablets_impressao_imagem";"tablets_printing_image";1
"2018-06";"fashion_roupa_infanto_juvenil";"fashion_childrens_clothes";1
"2018-07";"beleza_saude";"health_beauty";770
"2018-07";"cama_mesa_banho";"bed_bath_table";617
"2018-07";"utilidades_domesticas";"housewares";564
"2018-07";"relogios_presentes";"watches_gifts";521
"2018-07";"esporte_lazer";"sports_leisure";460
"2018-07";"moveis_decoracao";"furniture_decor";436
"2018-07";"informatica_acessorios";"computers_accessories";418
"2018-07";"automotivo";"auto";341
"2018-07";"telefonia";"telephony";221
"2018-07";"bebes";"baby";214
"2018-07";"perfumaria";"perfumery";199
"2018-07";"papelaria";"stationery";190
"2018-07";"ferramentas_jardim";"garden_tools";177
"2018-07";"pet_shop";"pet_shop";158
"2018-07";"brinquedos";"toys";154
"2018-07";"eletronicos";"electronics";151
"2018-07";"construcao_ferramentas_construcao";"construction_tools_construction";115
"2018-07";"cool_stuff";"cool_stuff";115
"2018-07";"moveis_escritorio";"office_furniture";80
"2018-07";"eletrodomesticos";"home_appliances";78
"2018-07";"fashion_bolsas_e_acessorios";"fashion_bags_accessories";74
"2018-07";"alimentos";"food";64
"2018-07";"casa_construcao";"home_construction";60
"2018-07";"construcao_ferramentas_iluminacao";"construction_tools_lights";55
"2018-07";"malas_acessorios";"luggage_accessories";54
"2018-07";"moveis_sala";"furniture_living_room";54
"2018-07";"consoles_games";"consoles_games";49
"2018-07";"";"Unknown";47
"2018-07";"eletroportateis";"small_appliances";42
"2018-07";"instrumentos_musicais";"musical_instruments";36
"2018-07";"sinalizacao_e_seguranca";"signaling_and_security";29
"2018-07";"agro_industria_e_comercio";"agro_industry_and_commerce";27
"2018-07";"livros_tecnicos";"books_technical";26
"2018-07";"livros_interesse_geral";"books_general_interest";25
"2018-07";"casa_conforto";"home_confort";23
"2018-07";"eletrodomesticos_2";"home_appliances_2";23
"2018-07";"moveis_cozinha_area_de_servico_jantar_e_jardim";"kitchen_dining_laundry_garden_furniture";22
"2018-07";"audio";"audio";22
"2018-07";"construcao_ferramentas_jardim";"costruction_tools_garden";22
"2018-07";"artes";"art";21
"2018-07";"climatizacao";"air_conditioning";17
"2018-07";"alimentos_bebidas";"food_drink";17
"2018-07";"bebidas";"drinks";16
"2018-07";"portateis_casa_forno_e_cafe";"small_appliances_home_oven_and_coffee";15
"2018-07";"construcao_ferramentas_seguranca";"construction_tools_safety";15
"2018-07";"industria_comercio_e_negocios";"industry_commerce_and_business";14
"2018-07";"construcao_ferramentas_ferramentas";"costruction_tools_tools";12
"2018-07";"telefonia_fixa";"fixed_telephony";11
"2018-07";"artes_e_artesanato";"arts_and_craftmanship";11
"2018-07";"moveis_quarto";"furniture_bedroom";10
"2018-07";"pcs";"computers";8
"2018-07";"portateis_cozinha_e_preparadores_de_alimentos";"Unknown";8
"2018-07";"artigos_de_natal";"christmas_supplies";8
"2018-07";"livros_importados";"books_imported";7
"2018-07";"cine_foto";"cine_photo";7
"2018-07";"fashion_calcados";"fashion_shoes";5
"2018-07";"fashion_roupa_masculina";"fashion_male_clothing";5
"2018-07";"market_place";"market_place";4
"2018-07";"casa_conforto_2";"home_comfort_2";3
"2018-07";"fraldas_higiene";"diapers_and_hygiene";3
"2018-07";"musica";"music";3
"2018-07";"artigos_de_festas";"party_supplies";2
"2018-07";"fashion_underwear_e_moda_praia";"fashion_underwear_beach";2
"2018-07";"flores";"flowers";2
"2018-07";"pc_gamer";"Unknown";2
"2018-07";"moveis_colchao_e_estofado";"furniture_mattress_and_upholstery";1
"2018-07";"dvds_blu_ray";"dvds_blu_ray";1
"2018-08";"beleza_saude";"health_beauty";835
"2018-08";"cama_mesa_banho";"bed_bath_table";655
"2018-08";"utilidades_domesticas";"housewares";616
"2018-08";"esporte_lazer";"sports_leisure";471
"2018-08";"moveis_decoracao";"furniture_decor";430
"2018-08";"informatica_acessorios";"computers_accessories";415
"2018-08";"relogios_presentes";"watches_gifts";411
"2018-08";"automotivo";"auto";370
"2018-08";"telefonia";"telephony";271
"2018-08";"perfumaria";"perfumery";218
"2018-08";"bebes";"baby";212
"2018-08";"pet_shop";"pet_shop";198
"2018-08";"papelaria";"stationery";169
"2018-08";"brinquedos";"toys";165
"2018-08";"construcao_ferramentas_construcao";"construction_tools_construction";162
"2018-08";"ferramentas_jardim";"garden_tools";136
"2018-08";"fashion_bolsas_e_acessorios";"fashion_bags_accessories";126
"2018-08";"eletronicos";"electronics";119
"2018-08";"cool_stuff";"cool_stuff";119
"2018-08";"alimentos";"food";115
"2018-08";"malas_acessorios";"luggage_accessories";64
"2018-08";"eletrodomesticos";"home_appliances";63
"2018-08";"construcao_ferramentas_iluminacao";"construction_tools_lights";62
"2018-08";"consoles_games";"consoles_games";59
"2018-08";"casa_construcao";"home_construction";48
"2018-08";"instrumentos_musicais";"musical_instruments";41
"2018-08";"moveis_sala";"furniture_living_room";40
"2018-08";"livros_interesse_geral";"books_general_interest";36
"2018-08";"";"Unknown";31
"2018-08";"moveis_escritorio";"office_furniture";30
"2018-08";"livros_tecnicos";"books_technical";29
"2018-08";"bebidas";"drinks";27
"2018-08";"audio";"audio";26
"2018-08";"construcao_ferramentas_seguranca";"construction_tools_safety";25
"2018-08";"construcao_ferramentas_jardim";"costruction_tools_garden";23
"2018-08";"eletroportateis";"small_appliances";23
"2018-08";"sinalizacao_e_seguranca";"signaling_and_security";22
"2018-08";"climatizacao";"air_conditioning";21
"2018-08";"alimentos_bebidas";"food_drink";21
"2018-08";"moveis_cozinha_area_de_servico_jantar_e_jardim";"kitchen_dining_laundry_garden_furniture";20
"2018-08";"agro_industria_e_comercio";"agro_industry_and_commerce";18
"2018-08";"artes";"art";18
"2018-08";"portateis_casa_forno_e_cafe";"small_appliances_home_oven_and_coffee";17
"2018-08";"casa_conforto";"home_confort";16
"2018-08";"artigos_de_festas";"party_supplies";14
"2018-08";"construcao_ferramentas_ferramentas";"costruction_tools_tools";14
"2018-08";"eletrodomesticos_2";"home_appliances_2";14
"2018-08";"moveis_quarto";"furniture_bedroom";12
"2018-08";"pcs";"computers";12
"2018-08";"industria_comercio_e_negocios";"industry_commerce_and_business";10
"2018-08";"artigos_de_natal";"christmas_supplies";10
"2018-08";"telefonia_fixa";"fixed_telephony";10
"2018-08";"cine_foto";"cine_photo";9
"2018-08";"artes_e_artesanato";"arts_and_craftmanship";9
"2018-08";"market_place";"market_place";8
"2018-08";"musica";"music";6
"2018-08";"portateis_cozinha_e_preparadores_de_alimentos";"Unknown";4
"2018-08";"fashion_calcados";"fashion_shoes";3
"2018-08";"fraldas_higiene";"diapers_and_hygiene";3
"2018-08";"fashion_roupa_feminina";"fashio_female_clothing";3
"2018-08";"fashion_roupa_masculina";"fashion_male_clothing";3
"2018-08";"fashion_underwear_e_moda_praia";"fashion_underwear_beach";1
"2018-08";"livros_importados";"books_imported";1
"2018-08";"pc_gamer";"Unknown";1
"2018-08";"dvds_blu_ray";"dvds_blu_ray";1
"2018-08";"fashion_esporte";"fashion_sport";1
